DECIMALS,INDICATOR,COMMENT_OBS,FREQ,COMP_BREAKDOWN_3,UNIT_MEASURE,TIME_PERIOD,OBS_STATUS,TIME_FORMAT,REF_AREA,COMMENT_TS,OBS_CONF,COMP_BREAKDOWN_2,UNIT_TYPE,AGG_METHOD,LATEST_DATA,DATA_SOURCE,SEX,DATABASE_ID,URBANISATION,OBS_VALUE,AGE,COMP_BREAKDOWN_1,UNIT_MULT
,WB_MPM_HEADCOUNT,,A,_Z,PT,2018,A,602,AGO,,PU,_Z,,,True,,_T,WB_MPM,_T,47.2036,_T,_Z,0
,WB_MPM_HEADCOUNT,,A,_Z,PT,2012,A,602,ALB,,PU,_Z,,,False,,_T,WB_MPM,_T,0.792693,_T,_Z,0
,WB_MPM_HEADCOUNT,,A,_Z,PT,2014,A,602,ALB,,PU,_Z,,,False,,_T,WB_MPM,_T,1.3492,_T,_Z,0
,WB_MPM_HEADCOUNT,,A,_Z,PT,2015,A,602,ALB,,PU,_Z,,,False,,_T,WB_MPM,_T,0.222551,_T,_Z,0
,WB_MPM_HEADCOUNT,,A,_Z,PT,2016,A,602,ALB,,PU,_Z,,,False,,_T,WB_MPM,_T,0.781341,_T,_Z,0
,WB_MPM_HEADCOUNT,,A,_Z,PT,2017,A,602,ALB,,PU,_Z,,,False,,_T,WB_MPM,_T,0.711346,_T,_Z,0
,WB_MPM_HEADCOUNT,,A,_Z,PT,2018,A,602,ALB,,PU,_Z,,,True,,_T,WB_MPM,_T,0.293161,_T,_Z,0
,WB_MPM_HEADCOUNT,,A,_Z,PT,2010,A,602,ARG,,PU,_Z,,,False,,_T,WB_MPM,_T,0.769402,_T,_Z,0
,WB_MPM_HEADCOUNT,,A,_Z,PT,2011,A,602,ARG,,PU,_Z,,,False,,_T,WB_MPM,_T,0.74787,_T,_Z,0
,WB_MPM_HEADCOUNT,,A,_Z,PT,2012,A,602,ARG,,PU,_Z,,,False,,_T,WB_MPM,_T,0.681594,_T,_Z,0
,WB_MPM_HEADCOUNT,,A,_Z,PT,2013,A,602,ARG,,PU,_Z,,,False,,_T,WB_MPM,_T,0.700755,_T,_Z,0
,WB_MPM_HEADCOUNT,,A,_Z,PT,2014,A,602,ARG,,PU,_Z,,,False,,_T,WB_MPM,_T,0.626893,_T,_Z,0
,WB_MPM_HEADCOUNT,,A,_Z,PT,2016,A,602,ARG,,PU,_Z,,,False,,_T,WB_MPM,_T,0.724226,_T,_Z,0
,WB_MPM_HEADCOUNT,,A,_Z,PT,2017,A,602,ARG,,PU,_Z,,,False,,_T,WB_MPM,_T,0.611008,_T,_Z,0
,WB_MPM_HEADCOUNT,,A,_Z,PT,2018,A,602,ARG,,PU,_Z,,,False,,_T,WB_MPM,_T,1.09254,_T,_Z,0
,WB_MPM_HEADCOUNT,,A,_Z,PT,2019,A,602,ARG,,PU,_Z,,,False,,_T,WB_MPM,_T,1.13756,_T,_Z,0
,WB_MPM_HEADCOUNT,,A,_Z,PT,2020,A,602,ARG,,PU,_Z,,,False,,_T,WB_MPM,_T,1.17475,_T,_Z,0
,WB_MPM_HEADCOUNT,,A,_Z,PT,2021,A,602,ARG,,PU,_Z,,,False,,_T,WB_MPM,_T,0.906573,_T,_Z,0
,WB_MPM_HEADCOUNT,,A,_Z,PT,2022,A,602,ARG,,PU,_Z,,,True,,_T,WB_MPM,_T,0.619663,_T,_Z,0
,WB_MPM_HEADCOUNT,,A,_Z,PT,2010,A,602,ARM,,PU,_Z,,,False,,_T,WB_MPM,_T,2.95036,_T,_Z,0
,WB_MPM_HEADCOUNT,,A,_Z,PT,2013,A,602,ARM,,PU,_Z,,,False,,_T,WB_MPM,_T,1.73826,_T,_Z,0
,WB_MPM_HEADCOUNT,,A,_Z,PT,2014,A,602,ARM,,PU,_Z,,,False,,_T,WB_MPM,_T,1.46425,_T,_Z,0
,WB_MPM_HEADCOUNT,,A,_Z,PT,2015,A,602,ARM,,PU,_Z,,,False,,_T,WB_MPM,_T,1.15047,_T,_Z,0
,WB_MPM_HEADCOUNT,,A,_Z,PT,2016,A,602,ARM,,PU,_Z,,,False,,_T,WB_MPM,_T,1.10795,_T,_Z,0
,WB_MPM_HEADCOUNT,,A,_Z,PT,2017,A,602,ARM,,PU,_Z,,,False,,_T,WB_MPM,_T,0.821682,_T,_Z,0
,WB_MPM_HEADCOUNT,,A,_Z,PT,2018,A,602,ARM,,PU,_Z,,,False,,_T,WB_MPM,_T,1.33982,_T,_Z,0
,WB_MPM_HEADCOUNT,,A,_Z,PT,2019,A,602,ARM,,PU,_Z,,,False,,_T,WB_MPM,_T,1.03007,_T,_Z,0
,WB_MPM_HEADCOUNT,,A,_Z,PT,2020,A,602,ARM,,PU,_Z,,,False,,_T,WB_MPM,_T,0.352011,_T,_Z,0
,WB_MPM_HEADCOUNT,,A,_Z,PT,2021,A,602,ARM,,PU,_Z,,,False,,_T,WB_MPM,_T,0.523521,_T,_Z,0
,WB_MPM_HEADCOUNT,,A,_Z,PT,2022,A,602,ARM,,PU,_Z,,,True,,_T,WB_MPM,_T,0.781078,_T,_Z,0
,WB_MPM_HEADCOUNT,,A,_Z,PT,2010,A,602,AUS,,PU,_Z,,,False,,_T,WB_MPM,_T,3.05821,_T,_Z,0
,WB_MPM_HEADCOUNT,,A,_Z,PT,2014,A,602,AUS,,PU,_Z,,,False,,_T,WB_MPM,_T,2.59507,_T,_Z,0
,WB_MPM_HEADCOUNT,,A,_Z,PT,2016,A,602,AUS,,PU,_Z,,,False,,_T,WB_MPM,_T,2.03276,_T,_Z,0
,WB_MPM_HEADCOUNT,,A,_Z,PT,2018,A,602,AUS,,PU,_Z,,,True,,_T,WB_MPM,_T,2.21577,_T,_Z,0
,WB_MPM_HEADCOUNT,,A,_Z,PT,2009,A,602,AUT,,PU,_Z,,,False,,_T,WB_MPM,_T,1.19456,_T,_Z,0
,WB_MPM_HEADCOUNT,,A,_Z,PT,2010,A,602,AUT,,PU,_Z,,,False,,_T,WB_MPM,_T,0.785819,_T,_Z,0
,WB_MPM_HEADCOUNT,,A,_Z,PT,2011,A,602,AUT,,PU,_Z,,,False,,_T,WB_MPM,_T,0.710933,_T,_Z,0
,WB_MPM_HEADCOUNT,,A,_Z,PT,2012,A,602,AUT,,PU,_Z,,,False,,_T,WB_MPM,_T,1.08929,_T,_Z,0
,WB_MPM_HEADCOUNT,,A,_Z,PT,2013,A,602,AUT,,PU,_Z,,,False,,_T,WB_MPM,_T,0.337998,_T,_Z,0
,WB_MPM_HEADCOUNT,,A,_Z,PT,2014,A,602,AUT,,PU,_Z,,,False,,_T,WB_MPM,_T,0.22426,_T,_Z,0
,WB_MPM_HEADCOUNT,,A,_Z,PT,2015,A,602,AUT,,PU,_Z,,,False,,_T,WB_MPM,_T,0.677193,_T,_Z,0
,WB_MPM_HEADCOUNT,,A,_Z,PT,2016,A,602,AUT,,PU,_Z,,,False,,_T,WB_MPM,_T,0.670178,_T,_Z,0
,WB_MPM_HEADCOUNT,,A,_Z,PT,2017,A,602,AUT,,PU,_Z,,,False,,_T,WB_MPM,_T,0.31809,_T,_Z,0
,WB_MPM_HEADCOUNT,,A,_Z,PT,2018,A,602,AUT,,PU,_Z,,,False,,_T,WB_MPM,_T,0.568358,_T,_Z,0
,WB_MPM_HEADCOUNT,,A,_Z,PT,2019,A,602,AUT,,PU,_Z,,,False,,_T,WB_MPM,_T,0.640639,_T,_Z,0
,WB_MPM_HEADCOUNT,,A,_Z,PT,2020,A,602,AUT,,PU,_Z,,,False,,_T,WB_MPM,_T,0.799446,_T,_Z,0
,WB_MPM_HEADCOUNT,,A,_Z,PT,2021,A,602,AUT,,PU,_Z,,,True,,_T,WB_MPM,_T,0.662245,_T,_Z,0
,WB_MPM_HEADCOUNT,,A,_Z,PT,2013,A,602,BDI,,PU,_Z,,,False,,_T,WB_MPM,_T,85.2009,_T,_Z,0
,WB_MPM_HEADCOUNT,,A,_Z,PT,2020,A,602,BDI,,PU,_Z,,,True,,_T,WB_MPM,_T,79.2099,_T,_Z,0
,WB_MPM_HEADCOUNT,,A,_Z,PT,2009,A,602,BEL,,PU,_Z,,,False,,_T,WB_MPM,_T,1.97743,_T,_Z,0
,WB_MPM_HEADCOUNT,,A,_Z,PT,2010,A,602,BEL,,PU,_Z,,,False,,_T,WB_MPM,_T,1.48036,_T,_Z,0
,WB_MPM_HEADCOUNT,,A,_Z,PT,2011,A,602,BEL,,PU,_Z,,,False,,_T,WB_MPM,_T,1.50399,_T,_Z,0
,WB_MPM_HEADCOUNT,,A,_Z,PT,2012,A,602,BEL,,PU,_Z,,,False,,_T,WB_MPM,_T,1.01336,_T,_Z,0
,WB_MPM_HEADCOUNT,,A,_Z,PT,2013,A,602,BEL,,PU,_Z,,,False,,_T,WB_MPM,_T,1.55265,_T,_Z,0
,WB_MPM_HEADCOUNT,,A,_Z,PT,2014,A,602,BEL,,PU,_Z,,,False,,_T,WB_MPM,_T,0.993207,_T,_Z,0
,WB_MPM_HEADCOUNT,,A,_Z,PT,2015,A,602,BEL,,PU,_Z,,,False,,_T,WB_MPM,_T,1.94967,_T,_Z,0
,WB_MPM_HEADCOUNT,,A,_Z,PT,2016,A,602,BEL,,PU,_Z,,,False,,_T,WB_MPM,_T,1.95532,_T,_Z,0
,WB_MPM_HEADCOUNT,,A,_Z,PT,2017,A,602,BEL,,PU,_Z,,,False,,_T,WB_MPM,_T,2.0672,_T,_Z,0
,WB_MPM_HEADCOUNT,,A,_Z,PT,2018,A,602,BEL,,PU,_Z,,,False,,_T,WB_MPM,_T,0.609445,_T,_Z,0
,WB_MPM_HEADCOUNT,,A,_Z,PT,2019,A,602,BEL,,PU,_Z,,,False,,_T,WB_MPM,_T,0.615694,_T,_Z,0
,WB_MPM_HEADCOUNT,,A,_Z,PT,2020,A,602,BEL,,PU,_Z,,,False,,_T,WB_MPM,_T,0.554478,_T,_Z,0
,WB_MPM_HEADCOUNT,,A,_Z,PT,2021,A,602,BEL,,PU,_Z,,,True,,_T,WB_MPM,_T,0.679716,_T,_Z,0
,WB_MPM_HEADCOUNT,,A,_Z,PT,2015,A,602,BEN,,PU,_Z,,,False,,_T,WB_MPM,_T,72.229,_T,_Z,0
,WB_MPM_HEADCOUNT,,A,_Z,PT,2018,A,602,BEN,,PU,_Z,,,False,,_T,WB_MPM,_T,53.338,_T,_Z,0
,WB_MPM_HEADCOUNT,,A,_Z,PT,2021,A,602,BEN,,PU,_Z,,,True,,_T,WB_MPM,_T,45.4432,_T,_Z,0
,WB_MPM_HEADCOUNT,,A,_Z,PT,2014,A,602,BFA,,PU,_Z,,,False,,_T,WB_MPM,_T,73.0084,_T,_Z,0
,WB_MPM_HEADCOUNT,,A,_Z,PT,2018,A,602,BFA,,PU,_Z,,,False,,_T,WB_MPM,_T,60.4674,_T,_Z,0
,WB_MPM_HEADCOUNT,,A,_Z,PT,2021,A,602,BFA,,PU,_Z,,,True,,_T,WB_MPM,_T,52.9812,_T,_Z,0
,WB_MPM_HEADCOUNT,,A,_Z,PT,2010,A,602,BGD,,PU,_Z,,,False,,_T,WB_MPM,_T,31.3497,_T,_Z,0
,WB_MPM_HEADCOUNT,,A,_Z,PT,2016,A,602,BGD,,PU,_Z,,,False,,_T,WB_MPM,_T,20.4879,_T,_Z,0
,WB_MPM_HEADCOUNT,,A,_Z,PT,2022,A,602,BGD,,PU,_Z,,,True,,_T,WB_MPM,_T,6.60778,_T,_Z,0
,WB_MPM_HEADCOUNT,,A,_Z,PT,2009,A,602,BGR,,PU,_Z,,,False,,_T,WB_MPM,_T,2.33361,_T,_Z,0
,WB_MPM_HEADCOUNT,,A,_Z,PT,2010,A,602,BGR,,PU,_Z,,,False,,_T,WB_MPM,_T,3.04114,_T,_Z,0
,WB_MPM_HEADCOUNT,,A,_Z,PT,2011,A,602,BGR,,PU,_Z,,,False,,_T,WB_MPM,_T,3.5658,_T,_Z,0
,WB_MPM_HEADCOUNT,,A,_Z,PT,2012,A,602,BGR,,PU,_Z,,,False,,_T,WB_MPM,_T,3.23535,_T,_Z,0
,WB_MPM_HEADCOUNT,,A,_Z,PT,2013,A,602,BGR,,PU,_Z,,,False,,_T,WB_MPM,_T,2.60391,_T,_Z,0
,WB_MPM_HEADCOUNT,,A,_Z,PT,2014,A,602,BGR,,PU,_Z,,,False,,_T,WB_MPM,_T,2.54176,_T,_Z,0
,WB_MPM_HEADCOUNT,,A,_Z,PT,2015,A,602,BGR,,PU,_Z,,,False,,_T,WB_MPM,_T,4.03725,_T,_Z,0
,WB_MPM_HEADCOUNT,,A,_Z,PT,2016,A,602,BGR,,PU,_Z,,,False,,_T,WB_MPM,_T,2.67427,_T,_Z,0
,WB_MPM_HEADCOUNT,,A,_Z,PT,2017,A,602,BGR,,PU,_Z,,,False,,_T,WB_MPM,_T,1.96594,_T,_Z,0
,WB_MPM_HEADCOUNT,,A,_Z,PT,2018,A,602,BGR,,PU,_Z,,,False,,_T,WB_MPM,_T,1.54961,_T,_Z,0
,WB_MPM_HEADCOUNT,,A,_Z,PT,2019,A,602,BGR,,PU,_Z,,,False,,_T,WB_MPM,_T,1.4389,_T,_Z,0
,WB_MPM_HEADCOUNT,,A,_Z,PT,2020,A,602,BGR,,PU,_Z,,,False,,_T,WB_MPM,_T,0.842401,_T,_Z,0
,WB_MPM_HEADCOUNT,,A,_Z,PT,2021,A,602,BGR,,PU,_Z,,,True,,_T,WB_MPM,_T,1.32798,_T,_Z,0
,WB_MPM_HEADCOUNT,,A,_Z,PT,2010,A,602,BLR,,PU,_Z,,,False,,_T,WB_MPM,_T,10.1523,_T,_Z,0
,WB_MPM_HEADCOUNT,,A,_Z,PT,2011,A,602,BLR,,PU,_Z,,,False,,_T,WB_MPM,_T,10.4995,_T,_Z,0
,WB_MPM_HEADCOUNT,,A,_Z,PT,2012,A,602,BLR,,PU,_Z,,,False,,_T,WB_MPM,_T,10.7088,_T,_Z,0
,WB_MPM_HEADCOUNT,,A,_Z,PT,2013,A,602,BLR,,PU,_Z,,,False,,_T,WB_MPM,_T,8.56811,_T,_Z,0
,WB_MPM_HEADCOUNT,,A,_Z,PT,2014,A,602,BLR,,PU,_Z,,,False,,_T,WB_MPM,_T,7.36179,_T,_Z,0
,WB_MPM_HEADCOUNT,,A,_Z,PT,2015,A,602,BLR,,PU,_Z,,,False,,_T,WB_MPM,_T,7.10493,_T,_Z,0
,WB_MPM_HEADCOUNT,,A,_Z,PT,2016,A,602,BLR,,PU,_Z,,,False,,_T,WB_MPM,_T,5.62762,_T,_Z,0
,WB_MPM_HEADCOUNT,,A,_Z,PT,2017,A,602,BLR,,PU,_Z,,,False,,_T,WB_MPM,_T,4.99254,_T,_Z,0
,WB_MPM_HEADCOUNT,,A,_Z,PT,2018,A,602,BLR,,PU,_Z,,,False,,_T,WB_MPM,_T,4.27852,_T,_Z,0
,WB_MPM_HEADCOUNT,,A,_Z,PT,2019,A,602,BLR,,PU,_Z,,,True,,_T,WB_MPM,_T,3.15751,_T,_Z,0
,WB_MPM_HEADCOUNT,,A,_Z,PT,2011,A,602,BOL,,PU,_Z,,,False,,_T,WB_MPM,_T,12.6849,_T,_Z,0
,WB_MPM_HEADCOUNT,,A,_Z,PT,2012,A,602,BOL,,PU,_Z,,,False,,_T,WB_MPM,_T,11.6612,_T,_Z,0
,WB_MPM_HEADCOUNT,,A,_Z,PT,2013,A,602,BOL,,PU,_Z,,,False,,_T,WB_MPM,_T,11.0122,_T,_Z,0
,WB_MPM_HEADCOUNT,,A,_Z,PT,2014,A,602,BOL,,PU,_Z,,,False,,_T,WB_MPM,_T,10.8439,_T,_Z,0
,WB_MPM_HEADCOUNT,,A,_Z,PT,2015,A,602,BOL,,PU,_Z,,,False,,_T,WB_MPM,_T,10.1584,_T,_Z,0
,WB_MPM_HEADCOUNT,,A,_Z,PT,2016,A,602,BOL,,PU,_Z,,,False,,_T,WB_MPM,_T,11.449,_T,_Z,0
,WB_MPM_HEADCOUNT,,A,_Z,PT,2017,A,602,BOL,,PU,_Z,,,False,,_T,WB_MPM,_T,9.59018,_T,_Z,0
,WB_MPM_HEADCOUNT,,A,_Z,PT,2018,A,602,BOL,,PU,_Z,,,False,,_T,WB_MPM,_T,8.55824,_T,_Z,0
,WB_MPM_HEADCOUNT,,A,_Z,PT,2019,A,602,BOL,,PU,_Z,,,False,,_T,WB_MPM,_T,5.60843,_T,_Z,0
,WB_MPM_HEADCOUNT,,A,_Z,PT,2020,A,602,BOL,,PU,_Z,,,False,,_T,WB_MPM,_T,6.55366,_T,_Z,0
,WB_MPM_HEADCOUNT,,A,_Z,PT,2021,A,602,BOL,,PU,_Z,,,True,,_T,WB_MPM,_T,4.53977,_T,_Z,0
,WB_MPM_HEADCOUNT,,A,_Z,PT,2011,A,602,BRA,,PU,_Z,,,False,,_T,WB_MPM,_T,6.28214,_T,_Z,0
,WB_MPM_HEADCOUNT,,A,_Z,PT,2016,A,602,BRA,,PU,_Z,,,False,,_T,WB_MPM,_T,5.71788,_T,_Z,0
,WB_MPM_HEADCOUNT,,A,_Z,PT,2017,A,602,BRA,,PU,_Z,,,False,,_T,WB_MPM,_T,6.19021,_T,_Z,0
,WB_MPM_HEADCOUNT,,A,_Z,PT,2018,A,602,BRA,,PU,_Z,,,False,,_T,WB_MPM,_T,6.03041,_T,_Z,0
,WB_MPM_HEADCOUNT,,A,_Z,PT,2019,A,602,BRA,,PU,_Z,,,False,,_T,WB_MPM,_T,6.09172,_T,_Z,0
,WB_MPM_HEADCOUNT,,A,_Z,PT,2022,A,602,BRA,,PU,_Z,,,True,,_T,WB_MPM,_T,4.07191,_T,_Z,0
,WB_MPM_HEADCOUNT,,A,_Z,PT,2012,A,602,BTN,,PU,_Z,,,False,,_T,WB_MPM,_T,10.7564,_T,_Z,0
,WB_MPM_HEADCOUNT,,A,_Z,PT,2017,A,602,BTN,,PU,_Z,,,False,,_T,WB_MPM,_T,3.33084,_T,_Z,0
,WB_MPM_HEADCOUNT,,A,_Z,PT,2022,A,602,BTN,,PU,_Z,,,True,,_T,WB_MPM,_T,1.30169,_T,_Z,0
,WB_MPM_HEADCOUNT,,A,_Z,PT,2015,A,602,BWA,,PU,_Z,,,True,,_T,WB_MPM,_T,20.7902,_T,_Z,0
,WB_MPM_HEADCOUNT,,A,_Z,PT,2009,A,602,CHE,,PU,_Z,,,False,,_T,WB_MPM,_T,0.061551,_T,_Z,0
,WB_MPM_HEADCOUNT,,A,_Z,PT,2010,A,602,CHE,,PU,_Z,,,False,,_T,WB_MPM,_T,0.0848529,_T,_Z,0
,WB_MPM_HEADCOUNT,,A,_Z,PT,2011,A,602,CHE,,PU,_Z,,,False,,_T,WB_MPM,_T,0.0106036,_T,_Z,0
,WB_MPM_HEADCOUNT,,A,_Z,PT,2012,A,602,CHE,,PU,_Z,,,False,,_T,WB_MPM,_T,0.0089655,_T,_Z,0
,WB_MPM_HEADCOUNT,,A,_Z,PT,2013,A,602,CHE,,PU,_Z,,,False,,_T,WB_MPM,_T,0.0421837,_T,_Z,0
,WB_MPM_HEADCOUNT,,A,_Z,PT,2014,A,602,CHE,,PU,_Z,,,False,,_T,WB_MPM,_T,0.116272,_T,_Z,0
,WB_MPM_HEADCOUNT,,A,_Z,PT,2015,A,602,CHE,,PU,_Z,,,False,,_T,WB_MPM,_T,0.048199,_T,_Z,0
,WB_MPM_HEADCOUNT,,A,_Z,PT,2016,A,602,CHE,,PU,_Z,,,False,,_T,WB_MPM,_T,0.0575188,_T,_Z,0
,WB_MPM_HEADCOUNT,,A,_Z,PT,2017,A,602,CHE,,PU,_Z,,,False,,_T,WB_MPM,_T,0.008811,_T,_Z,0
,WB_MPM_HEADCOUNT,,A,_Z,PT,2018,A,602,CHE,,PU,_Z,,,False,,_T,WB_MPM,_T,0.073298,_T,_Z,0
,WB_MPM_HEADCOUNT,,A,_Z,PT,2019,A,602,CHE,,PU,_Z,,,False,,_T,WB_MPM,_T,0.0887279,_T,_Z,0
,WB_MPM_HEADCOUNT,,A,_Z,PT,2020,A,602,CHE,,PU,_Z,,,True,,_T,WB_MPM,_T,0.115307,_T,_Z,0
,WB_MPM_HEADCOUNT,,A,_Z,PT,2011,A,602,CHL,,PU,_Z,,,False,,_T,WB_MPM,_T,0.991914,_T,_Z,0
,WB_MPM_HEADCOUNT,,A,_Z,PT,2013,A,602,CHL,,PU,_Z,,,False,,_T,WB_MPM,_T,0.602094,_T,_Z,0
,WB_MPM_HEADCOUNT,,A,_Z,PT,2015,A,602,CHL,,PU,_Z,,,False,,_T,WB_MPM,_T,0.470644,_T,_Z,0
,WB_MPM_HEADCOUNT,,A,_Z,PT,2017,A,602,CHL,,PU,_Z,,,False,,_T,WB_MPM,_T,0.423557,_T,_Z,0
,WB_MPM_HEADCOUNT,,A,_Z,PT,2020,A,602,CHL,,PU,_Z,,,False,,_T,WB_MPM,_T,1.81606,_T,_Z,0
,WB_MPM_HEADCOUNT,,A,_Z,PT,2022,A,602,CHL,,PU,_Z,,,True,,_T,WB_MPM,_T,0.46388,_T,_Z,0
,WB_MPM_HEADCOUNT,,A,_Z,PT,2015,A,602,CIV,,PU,_Z,,,False,,_T,WB_MPM,_T,52.3987,_T,_Z,0
,WB_MPM_HEADCOUNT,,A,_Z,PT,2018,A,602,CIV,,PU,_Z,,,False,,_T,WB_MPM,_T,37.2734,_T,_Z,0
,WB_MPM_HEADCOUNT,,A,_Z,PT,2021,A,602,CIV,,PU,_Z,,,True,,_T,WB_MPM,_T,29.1771,_T,_Z,0
,WB_MPM_HEADCOUNT,,A,_Z,PT,2014,A,602,CMR,,PU,_Z,,,False,,_T,WB_MPM,_T,37.5453,_T,_Z,0
,WB_MPM_HEADCOUNT,,A,_Z,PT,2021,A,602,CMR,,PU,_Z,,,True,,_T,WB_MPM,_T,41.0059,_T,_Z,0
,WB_MPM_HEADCOUNT,,A,_Z,PT,2012,A,602,COD,,PU,_Z,,,False,,_T,WB_MPM,_T,78.2809,_T,_Z,0
,WB_MPM_HEADCOUNT,,A,_Z,PT,2020,A,602,COD,,PU,_Z,,,True,,_T,WB_MPM,_T,83.6358,_T,_Z,0
,WB_MPM_HEADCOUNT,,A,_Z,PT,2011,A,602,COG,,PU,_Z,,,True,,_T,WB_MPM,_T,41.5807,_T,_Z,0
,WB_MPM_HEADCOUNT,,A,_Z,PT,2010,A,602,COL,,PU,_Z,,,False,,_T,WB_MPM,_T,9.87967,_T,_Z,0
,WB_MPM_HEADCOUNT,,A,_Z,PT,2011,A,602,COL,,PU,_Z,,,False,,_T,WB_MPM,_T,8.39731,_T,_Z,0
,WB_MPM_HEADCOUNT,,A,_Z,PT,2012,A,602,COL,,PU,_Z,,,False,,_T,WB_MPM,_T,8.09077,_T,_Z,0
,WB_MPM_HEADCOUNT,,A,_Z,PT,2013,A,602,COL,,PU,_Z,,,False,,_T,WB_MPM,_T,7.22822,_T,_Z,0
,WB_MPM_HEADCOUNT,,A,_Z,PT,2014,A,602,COL,,PU,_Z,,,False,,_T,WB_MPM,_T,6.41427,_T,_Z,0
,WB_MPM_HEADCOUNT,,A,_Z,PT,2015,A,602,COL,,PU,_Z,,,False,,_T,WB_MPM,_T,5.80233,_T,_Z,0
,WB_MPM_HEADCOUNT,,A,_Z,PT,2016,A,602,COL,,PU,_Z,,,False,,_T,WB_MPM,_T,5.63143,_T,_Z,0
,WB_MPM_HEADCOUNT,,A,_Z,PT,2017,A,602,COL,,PU,_Z,,,False,,_T,WB_MPM,_T,5.02823,_T,_Z,0
,WB_MPM_HEADCOUNT,,A,_Z,PT,2018,A,602,COL,,PU,_Z,,,False,,_T,WB_MPM,_T,5.14487,_T,_Z,0
,WB_MPM_HEADCOUNT,,A,_Z,PT,2019,A,602,COL,,PU,_Z,,,False,,_T,WB_MPM,_T,5.85251,_T,_Z,0
,WB_MPM_HEADCOUNT,,A,_Z,PT,2020,A,602,COL,,PU,_Z,,,False,,_T,WB_MPM,_T,7.81799,_T,_Z,0
,WB_MPM_HEADCOUNT,,A,_Z,PT,2021,A,602,COL,,PU,_Z,,,False,,_T,WB_MPM,_T,7.69817,_T,_Z,0
,WB_MPM_HEADCOUNT,,A,_Z,PT,2022,A,602,COL,,PU,_Z,,,True,,_T,WB_MPM,_T,6.50938,_T,_Z,0
,WB_MPM_HEADCOUNT,,A,_Z,PT,2015,A,602,CPV,,PU,_Z,,,True,,_T,WB_MPM,_T,7.60978,_T,_Z,0
,WB_MPM_HEADCOUNT,,A,_Z,PT,2010,A,602,CRI,,PU,_Z,,,False,,_T,WB_MPM,_T,2.03471,_T,_Z,0
,WB_MPM_HEADCOUNT,,A,_Z,PT,2011,A,602,CRI,,PU,_Z,,,False,,_T,WB_MPM,_T,2.1193,_T,_Z,0
,WB_MPM_HEADCOUNT,,A,_Z,PT,2012,A,602,CRI,,PU,_Z,,,False,,_T,WB_MPM,_T,1.95108,_T,_Z,0
,WB_MPM_HEADCOUNT,,A,_Z,PT,2013,A,602,CRI,,PU,_Z,,,False,,_T,WB_MPM,_T,1.92327,_T,_Z,0
,WB_MPM_HEADCOUNT,,A,_Z,PT,2014,A,602,CRI,,PU,_Z,,,False,,_T,WB_MPM,_T,1.7657,_T,_Z,0
,WB_MPM_HEADCOUNT,,A,_Z,PT,2015,A,602,CRI,,PU,_Z,,,False,,_T,WB_MPM,_T,1.88421,_T,_Z,0
,WB_MPM_HEADCOUNT,,A,_Z,PT,2016,A,602,CRI,,PU,_Z,,,False,,_T,WB_MPM,_T,1.68188,_T,_Z,0
,WB_MPM_HEADCOUNT,,A,_Z,PT,2017,A,602,CRI,,PU,_Z,,,False,,_T,WB_MPM,_T,1.42334,_T,_Z,0
,WB_MPM_HEADCOUNT,,A,_Z,PT,2018,A,602,CRI,,PU,_Z,,,False,,_T,WB_MPM,_T,1.74642,_T,_Z,0
,WB_MPM_HEADCOUNT,,A,_Z,PT,2019,A,602,CRI,,PU,_Z,,,False,,_T,WB_MPM,_T,1.16377,_T,_Z,0
,WB_MPM_HEADCOUNT,,A,_Z,PT,2020,A,602,CRI,,PU,_Z,,,False,,_T,WB_MPM,_T,2.33576,_T,_Z,0
,WB_MPM_HEADCOUNT,,A,_Z,PT,2021,A,602,CRI,,PU,_Z,,,False,,_T,WB_MPM,_T,1.32034,_T,_Z,0
,WB_MPM_HEADCOUNT,,A,_Z,PT,2022,A,602,CRI,,PU,_Z,,,False,,_T,WB_MPM,_T,1.00342,_T,_Z,0
,WB_MPM_HEADCOUNT,,A,_Z,PT,2023,A,602,CRI,,PU,_Z,,,True,,_T,WB_MPM,_T,0.927472,_T,_Z,0
,WB_MPM_HEADCOUNT,,A,_Z,PT,2009,A,602,CYP,,PU,_Z,,,False,,_T,WB_MPM,_T,2.45203,_T,_Z,0
,WB_MPM_HEADCOUNT,,A,_Z,PT,2010,A,602,CYP,,PU,_Z,,,False,,_T,WB_MPM,_T,2.55711,_T,_Z,0
,WB_MPM_HEADCOUNT,,A,_Z,PT,2011,A,602,CYP,,PU,_Z,,,False,,_T,WB_MPM,_T,2.04031,_T,_Z,0
,WB_MPM_HEADCOUNT,,A,_Z,PT,2012,A,602,CYP,,PU,_Z,,,False,,_T,WB_MPM,_T,1.86777,_T,_Z,0
,WB_MPM_HEADCOUNT,,A,_Z,PT,2013,A,602,CYP,,PU,_Z,,,False,,_T,WB_MPM,_T,1.90619,_T,_Z,0
,WB_MPM_HEADCOUNT,,A,_Z,PT,2014,A,602,CYP,,PU,_Z,,,False,,_T,WB_MPM,_T,1.56006,_T,_Z,0
,WB_MPM_HEADCOUNT,,A,_Z,PT,2015,A,602,CYP,,PU,_Z,,,False,,_T,WB_MPM,_T,1.60196,_T,_Z,0
,WB_MPM_HEADCOUNT,,A,_Z,PT,2016,A,602,CYP,,PU,_Z,,,False,,_T,WB_MPM,_T,1.53303,_T,_Z,0
,WB_MPM_HEADCOUNT,,A,_Z,PT,2017,A,602,CYP,,PU,_Z,,,False,,_T,WB_MPM,_T,1.38792,_T,_Z,0
,WB_MPM_HEADCOUNT,,A,_Z,PT,2018,A,602,CYP,,PU,_Z,,,False,,_T,WB_MPM,_T,1.27761,_T,_Z,0
,WB_MPM_HEADCOUNT,,A,_Z,PT,2019,A,602,CYP,,PU,_Z,,,False,,_T,WB_MPM,_T,1.2335,_T,_Z,0
,WB_MPM_HEADCOUNT,,A,_Z,PT,2020,A,602,CYP,,PU,_Z,,,False,,_T,WB_MPM,_T,1.0699,_T,_Z,0
,WB_MPM_HEADCOUNT,,A,_Z,PT,2021,A,602,CYP,,PU,_Z,,,True,,_T,WB_MPM,_T,0.917343,_T,_Z,0
,WB_MPM_HEADCOUNT,,A,_Z,PT,2009,A,602,CZE,,PU,_Z,,,False,,_T,WB_MPM,_T,0.0120356,_T,_Z,0
,WB_MPM_HEADCOUNT,,A,_Z,PT,2010,A,602,CZE,,PU,_Z,,,False,,_T,WB_MPM,_T,0.0507984,_T,_Z,0
,WB_MPM_HEADCOUNT,,A,_Z,PT,2011,A,602,CZE,,PU,_Z,,,False,,_T,WB_MPM,_T,0.063458,_T,_Z,0
,WB_MPM_HEADCOUNT,,A,_Z,PT,2012,A,602,CZE,,PU,_Z,,,False,,_T,WB_MPM,_T,0.0484445,_T,_Z,0
,WB_MPM_HEADCOUNT,,A,_Z,PT,2013,A,602,CZE,,PU,_Z,,,False,,_T,WB_MPM,_T,0.0596417,_T,_Z,0
,WB_MPM_HEADCOUNT,,A,_Z,PT,2014,A,602,CZE,,PU,_Z,,,False,,_T,WB_MPM,_T,0,_T,_Z,0
,WB_MPM_HEADCOUNT,,A,_Z,PT,2015,A,602,CZE,,PU,_Z,,,False,,_T,WB_MPM,_T,0.0087645,_T,_Z,0
,WB_MPM_HEADCOUNT,,A,_Z,PT,2016,A,602,CZE,,PU,_Z,,,False,,_T,WB_MPM,_T,0.0030208,_T,_Z,0
,WB_MPM_HEADCOUNT,,A,_Z,PT,2017,A,602,CZE,,PU,_Z,,,False,,_T,WB_MPM,_T,0.0029458,_T,_Z,0
,WB_MPM_HEADCOUNT,,A,_Z,PT,2018,A,602,CZE,,PU,_Z,,,False,,_T,WB_MPM,_T,0.0121184,_T,_Z,0
,WB_MPM_HEADCOUNT,,A,_Z,PT,2019,A,602,CZE,,PU,_Z,,,False,,_T,WB_MPM,_T,0.0020202,_T,_Z,0
,WB_MPM_HEADCOUNT,,A,_Z,PT,2020,A,602,CZE,,PU,_Z,,,False,,_T,WB_MPM,_T,0.0081422,_T,_Z,0
,WB_MPM_HEADCOUNT,,A,_Z,PT,2021,A,602,CZE,,PU,_Z,,,True,,_T,WB_MPM,_T,0.0906797,_T,_Z,0
,WB_MPM_HEADCOUNT,,A,_Z,PT,2010,A,602,DEU,,PU,_Z,,,False,,_T,WB_MPM,_T,0.15265,_T,_Z,0
,WB_MPM_HEADCOUNT,,A,_Z,PT,2011,A,602,DEU,,PU,_Z,,,False,,_T,WB_MPM,_T,0.11106,_T,_Z,0
,WB_MPM_HEADCOUNT,,A,_Z,PT,2012,A,602,DEU,,PU,_Z,,,False,,_T,WB_MPM,_T,0.11819,_T,_Z,0
,WB_MPM_HEADCOUNT,,A,_Z,PT,2013,A,602,DEU,,PU,_Z,,,False,,_T,WB_MPM,_T,0.10429,_T,_Z,0
,WB_MPM_HEADCOUNT,,A,_Z,PT,2014,A,602,DEU,,PU,_Z,,,False,,_T,WB_MPM,_T,0.24084,_T,_Z,0
,WB_MPM_HEADCOUNT,,A,_Z,PT,2015,A,602,DEU,,PU,_Z,,,False,,_T,WB_MPM,_T,0.08392,_T,_Z,0
,WB_MPM_HEADCOUNT,,A,_Z,PT,2016,A,602,DEU,,PU,_Z,,,False,,_T,WB_MPM,_T,0.1723,_T,_Z,0
,WB_MPM_HEADCOUNT,,A,_Z,PT,2017,A,602,DEU,,PU,_Z,,,False,,_T,WB_MPM,_T,0.23205,_T,_Z,0
,WB_MPM_HEADCOUNT,,A,_Z,PT,2018,A,602,DEU,,PU,_Z,,,False,,_T,WB_MPM,_T,0.167,_T,_Z,0
,WB_MPM_HEADCOUNT,,A,_Z,PT,2019,A,602,DEU,,PU,_Z,,,False,,_T,WB_MPM,_T,0.25983,_T,_Z,0
,WB_MPM_HEADCOUNT,,A,_Z,PT,2020,A,602,DEU,,PU,_Z,,,True,,_T,WB_MPM,_T,0.32182,_T,_Z,0
,WB_MPM_HEADCOUNT,,A,_Z,PT,2012,A,602,DJI,,PU,_Z,,,False,,_T,WB_MPM,_T,33.7544,_T,_Z,0
,WB_MPM_HEADCOUNT,,A,_Z,PT,2017,A,602,DJI,,PU,_Z,,,True,,_T,WB_MPM,_T,29.279,_T,_Z,0
,WB_MPM_HEADCOUNT,,A,_Z,PT,2009,A,602,DNK,,PU,_Z,,,False,,_T,WB_MPM,_T,2.156,_T,_Z,0
,WB_MPM_HEADCOUNT,,A,_Z,PT,2010,A,602,DNK,,PU,_Z,,,False,,_T,WB_MPM,_T,1.1873,_T,_Z,0
,WB_MPM_HEADCOUNT,,A,_Z,PT,2011,A,602,DNK,,PU,_Z,,,False,,_T,WB_MPM,_T,1.02487,_T,_Z,0
,WB_MPM_HEADCOUNT,,A,_Z,PT,2012,A,602,DNK,,PU,_Z,,,False,,_T,WB_MPM,_T,1.14208,_T,_Z,0
,WB_MPM_HEADCOUNT,,A,_Z,PT,2013,A,602,DNK,,PU,_Z,,,False,,_T,WB_MPM,_T,1.57873,_T,_Z,0
,WB_MPM_HEADCOUNT,,A,_Z,PT,2014,A,602,DNK,,PU,_Z,,,False,,_T,WB_MPM,_T,1.98758,_T,_Z,0
,WB_MPM_HEADCOUNT,,A,_Z,PT,2015,A,602,DNK,,PU,_Z,,,False,,_T,WB_MPM,_T,1.02083,_T,_Z,0
,WB_MPM_HEADCOUNT,,A,_Z,PT,2016,A,602,DNK,,PU,_Z,,,False,,_T,WB_MPM,_T,0.636033,_T,_Z,0
,WB_MPM_HEADCOUNT,,A,_Z,PT,2017,A,602,DNK,,PU,_Z,,,False,,_T,WB_MPM,_T,0.535937,_T,_Z,0
,WB_MPM_HEADCOUNT,,A,_Z,PT,2018,A,602,DNK,,PU,_Z,,,False,,_T,WB_MPM,_T,0.451877,_T,_Z,0
,WB_MPM_HEADCOUNT,,A,_Z,PT,2019,A,602,DNK,,PU,_Z,,,False,,_T,WB_MPM,_T,0.700208,_T,_Z,0
,WB_MPM_HEADCOUNT,,A,_Z,PT,2020,A,602,DNK,,PU,_Z,,,False,,_T,WB_MPM,_T,0.788548,_T,_Z,0
,WB_MPM_HEADCOUNT,,A,_Z,PT,2021,A,602,DNK,,PU,_Z,,,True,,_T,WB_MPM,_T,0.741307,_T,_Z,0
,WB_MPM_HEADCOUNT,,A,_Z,PT,2010,A,602,DOM,,PU,_Z,,,False,,_T,WB_MPM,_T,6.19622,_T,_Z,0
,WB_MPM_HEADCOUNT,,A,_Z,PT,2011,A,602,DOM,,PU,_Z,,,False,,_T,WB_MPM,_T,6.53587,_T,_Z,0
,WB_MPM_HEADCOUNT,,A,_Z,PT,2012,A,602,DOM,,PU,_Z,,,False,,_T,WB_MPM,_T,5.85637,_T,_Z,0
,WB_MPM_HEADCOUNT,,A,_Z,PT,2013,A,602,DOM,,PU,_Z,,,False,,_T,WB_MPM,_T,5.12479,_T,_Z,0
,WB_MPM_HEADCOUNT,,A,_Z,PT,2014,A,602,DOM,,PU,_Z,,,False,,_T,WB_MPM,_T,5.06051,_T,_Z,0
,WB_MPM_HEADCOUNT,,A,_Z,PT,2015,A,602,DOM,,PU,_Z,,,False,,_T,WB_MPM,_T,4.13301,_T,_Z,0
,WB_MPM_HEADCOUNT,,A,_Z,PT,2016,A,602,DOM,,PU,_Z,,,False,,_T,WB_MPM,_T,3.5489,_T,_Z,0
,WB_MPM_HEADCOUNT,,A,_Z,PT,2017,A,602,DOM,,PU,_Z,,,False,,_T,WB_MPM,_T,2.79818,_T,_Z,0
,WB_MPM_HEADCOUNT,,A,_Z,PT,2018,A,602,DOM,,PU,_Z,,,False,,_T,WB_MPM,_T,2.42865,_T,_Z,0
,WB_MPM_HEADCOUNT,,A,_Z,PT,2019,A,602,DOM,,PU,_Z,,,False,,_T,WB_MPM,_T,2.41235,_T,_Z,0
,WB_MPM_HEADCOUNT,,A,_Z,PT,2020,A,602,DOM,,PU,_Z,,,False,,_T,WB_MPM,_T,2.86232,_T,_Z,0
,WB_MPM_HEADCOUNT,,A,_Z,PT,2021,A,602,DOM,,PU,_Z,,,False,,_T,WB_MPM,_T,1.81327,_T,_Z,0
,WB_MPM_HEADCOUNT,,A,_Z,PT,2022,A,602,DOM,,PU,_Z,,,True,,_T,WB_MPM,_T,2.04203,_T,_Z,0
,WB_MPM_HEADCOUNT,,A,_Z,PT,2010,A,602,ECU,,PU,_Z,,,False,,_T,WB_MPM,_T,6.80383,_T,_Z,0
,WB_MPM_HEADCOUNT,,A,_Z,PT,2011,A,602,ECU,,PU,_Z,,,False,,_T,WB_MPM,_T,5.79746,_T,_Z,0
,WB_MPM_HEADCOUNT,,A,_Z,PT,2012,A,602,ECU,,PU,_Z,,,False,,_T,WB_MPM,_T,5.51285,_T,_Z,0
,WB_MPM_HEADCOUNT,,A,_Z,PT,2013,A,602,ECU,,PU,_Z,,,False,,_T,WB_MPM,_T,4.13324,_T,_Z,0
,WB_MPM_HEADCOUNT,,A,_Z,PT,2014,A,602,ECU,,PU,_Z,,,False,,_T,WB_MPM,_T,3.22439,_T,_Z,0
,WB_MPM_HEADCOUNT,,A,_Z,PT,2015,A,602,ECU,,PU,_Z,,,False,,_T,WB_MPM,_T,4.02405,_T,_Z,0
,WB_MPM_HEADCOUNT,,A,_Z,PT,2016,A,602,ECU,,PU,_Z,,,False,,_T,WB_MPM,_T,4.20498,_T,_Z,0
,WB_MPM_HEADCOUNT,,A,_Z,PT,2017,A,602,ECU,,PU,_Z,,,False,,_T,WB_MPM,_T,3.74026,_T,_Z,0
,WB_MPM_HEADCOUNT,,A,_Z,PT,2018,A,602,ECU,,PU,_Z,,,False,,_T,WB_MPM,_T,3.8282,_T,_Z,0
,WB_MPM_HEADCOUNT,,A,_Z,PT,2019,A,602,ECU,,PU,_Z,,,False,,_T,WB_MPM,_T,4.17845,_T,_Z,0
,WB_MPM_HEADCOUNT,,A,_Z,PT,2020,A,602,ECU,,PU,_Z,,,False,,_T,WB_MPM,_T,7.06959,_T,_Z,0
,WB_MPM_HEADCOUNT,,A,_Z,PT,2021,A,602,ECU,,PU,_Z,,,False,,_T,WB_MPM,_T,4.25216,_T,_Z,0
,WB_MPM_HEADCOUNT,,A,_Z,PT,2022,A,602,ECU,,PU,_Z,,,False,,_T,WB_MPM,_T,4.04004,_T,_Z,0
,WB_MPM_HEADCOUNT,,A,_Z,PT,2023,A,602,ECU,,PU,_Z,,,True,,_T,WB_MPM,_T,4.71578,_T,_Z,0
,WB_MPM_HEADCOUNT,,A,_Z,PT,2010,A,602,EGY,,PU,_Z,,,False,,_T,WB_MPM,_T,3.45262,_T,_Z,0
,WB_MPM_HEADCOUNT,,A,_Z,PT,2012,A,602,EGY,,PU,_Z,,,False,,_T,WB_MPM,_T,2.91022,_T,_Z,0
,WB_MPM_HEADCOUNT,,A,_Z,PT,2015,A,602,EGY,,PU,_Z,,,False,,_T,WB_MPM,_T,2.62304,_T,_Z,0
,WB_MPM_HEADCOUNT,,A,_Z,PT,2017,A,602,EGY,,PU,_Z,,,False,,_T,WB_MPM,_T,3.45399,_T,_Z,0
,WB_MPM_HEADCOUNT,,A,_Z,PT,2019,A,602,EGY,,PU,_Z,,,True,,_T,WB_MPM,_T,2.28992,_T,_Z,0
,WB_MPM_HEADCOUNT,,A,_Z,PT,2009,A,602,ESP,,PU,_Z,,,False,,_T,WB_MPM,_T,2.80654,_T,_Z,0
,WB_MPM_HEADCOUNT,,A,_Z,PT,2010,A,602,ESP,,PU,_Z,,,False,,_T,WB_MPM,_T,3.04388,_T,_Z,0
,WB_MPM_HEADCOUNT,,A,_Z,PT,2011,A,602,ESP,,PU,_Z,,,False,,_T,WB_MPM,_T,3.04198,_T,_Z,0
,WB_MPM_HEADCOUNT,,A,_Z,PT,2012,A,602,ESP,,PU,_Z,,,False,,_T,WB_MPM,_T,2.6116,_T,_Z,0
,WB_MPM_HEADCOUNT,,A,_Z,PT,2013,A,602,ESP,,PU,_Z,,,False,,_T,WB_MPM,_T,5.07935,_T,_Z,0
,WB_MPM_HEADCOUNT,,A,_Z,PT,2014,A,602,ESP,,PU,_Z,,,False,,_T,WB_MPM,_T,5.09542,_T,_Z,0
,WB_MPM_HEADCOUNT,,A,_Z,PT,2015,A,602,ESP,,PU,_Z,,,False,,_T,WB_MPM,_T,4.80234,_T,_Z,0
,WB_MPM_HEADCOUNT,,A,_Z,PT,2016,A,602,ESP,,PU,_Z,,,False,,_T,WB_MPM,_T,4.5516,_T,_Z,0
,WB_MPM_HEADCOUNT,,A,_Z,PT,2017,A,602,ESP,,PU,_Z,,,False,,_T,WB_MPM,_T,4.00298,_T,_Z,0
,WB_MPM_HEADCOUNT,,A,_Z,PT,2018,A,602,ESP,,PU,_Z,,,False,,_T,WB_MPM,_T,3.78474,_T,_Z,0
,WB_MPM_HEADCOUNT,,A,_Z,PT,2019,A,602,ESP,,PU,_Z,,,False,,_T,WB_MPM,_T,3.46431,_T,_Z,0
,WB_MPM_HEADCOUNT,,A,_Z,PT,2020,A,602,ESP,,PU,_Z,,,False,,_T,WB_MPM,_T,3.98203,_T,_Z,0
,WB_MPM_HEADCOUNT,,A,_Z,PT,2021,A,602,ESP,,PU,_Z,,,True,,_T,WB_MPM,_T,3.33269,_T,_Z,0
,WB_MPM_HEADCOUNT,,A,_Z,PT,2009,A,602,EST,,PU,_Z,,,False,,_T,WB_MPM,_T,0.638993,_T,_Z,0
,WB_MPM_HEADCOUNT,,A,_Z,PT,2010,A,602,EST,,PU,_Z,,,False,,_T,WB_MPM,_T,0.833256,_T,_Z,0
,WB_MPM_HEADCOUNT,,A,_Z,PT,2011,A,602,EST,,PU,_Z,,,False,,_T,WB_MPM,_T,1.04578,_T,_Z,0
,WB_MPM_HEADCOUNT,,A,_Z,PT,2012,A,602,EST,,PU,_Z,,,False,,_T,WB_MPM,_T,0.8057,_T,_Z,0
,WB_MPM_HEADCOUNT,,A,_Z,PT,2013,A,602,EST,,PU,_Z,,,False,,_T,WB_MPM,_T,0.920172,_T,_Z,0
,WB_MPM_HEADCOUNT,,A,_Z,PT,2014,A,602,EST,,PU,_Z,,,False,,_T,WB_MPM,_T,0.898713,_T,_Z,0
,WB_MPM_HEADCOUNT,,A,_Z,PT,2015,A,602,EST,,PU,_Z,,,False,,_T,WB_MPM,_T,0.652662,_T,_Z,0
,WB_MPM_HEADCOUNT,,A,_Z,PT,2016,A,602,EST,,PU,_Z,,,False,,_T,WB_MPM,_T,0.485366,_T,_Z,0
,WB_MPM_HEADCOUNT,,A,_Z,PT,2017,A,602,EST,,PU,_Z,,,False,,_T,WB_MPM,_T,0.30184,_T,_Z,0
,WB_MPM_HEADCOUNT,,A,_Z,PT,2018,A,602,EST,,PU,_Z,,,False,,_T,WB_MPM,_T,0.258082,_T,_Z,0
,WB_MPM_HEADCOUNT,,A,_Z,PT,2019,A,602,EST,,PU,_Z,,,False,,_T,WB_MPM,_T,0.6373,_T,_Z,0
,WB_MPM_HEADCOUNT,,A,_Z,PT,2020,A,602,EST,,PU,_Z,,,False,,_T,WB_MPM,_T,0.376599,_T,_Z,0
,WB_MPM_HEADCOUNT,,A,_Z,PT,2021,A,602,EST,,PU,_Z,,,True,,_T,WB_MPM,_T,0.364226,_T,_Z,0
,WB_MPM_HEADCOUNT,,A,_Z,PT,2010,A,602,ETH,,PU,_Z,,,False,,_T,WB_MPM,_T,81.7462,_T,_Z,0
,WB_MPM_HEADCOUNT,,A,_Z,PT,2015,A,602,ETH,,PU,_Z,,,True,,_T,WB_MPM,_T,72.7046,_T,_Z,0
,WB_MPM_HEADCOUNT,,A,_Z,PT,2009,A,602,FIN,,PU,_Z,,,False,,_T,WB_MPM,_T,0.82119,_T,_Z,0
,WB_MPM_HEADCOUNT,,A,_Z,PT,2010,A,602,FIN,,PU,_Z,,,False,,_T,WB_MPM,_T,0.773217,_T,_Z,0
,WB_MPM_HEADCOUNT,,A,_Z,PT,2011,A,602,FIN,,PU,_Z,,,False,,_T,WB_MPM,_T,0.668786,_T,_Z,0
,WB_MPM_HEADCOUNT,,A,_Z,PT,2012,A,602,FIN,,PU,_Z,,,False,,_T,WB_MPM,_T,0.830318,_T,_Z,0
,WB_MPM_HEADCOUNT,,A,_Z,PT,2013,A,602,FIN,,PU,_Z,,,False,,_T,WB_MPM,_T,0.830366,_T,_Z,0
,WB_MPM_HEADCOUNT,,A,_Z,PT,2014,A,602,FIN,,PU,_Z,,,False,,_T,WB_MPM,_T,0.966503,_T,_Z,0
,WB_MPM_HEADCOUNT,,A,_Z,PT,2015,A,602,FIN,,PU,_Z,,,False,,_T,WB_MPM,_T,0.937409,_T,_Z,0
,WB_MPM_HEADCOUNT,,A,_Z,PT,2016,A,602,FIN,,PU,_Z,,,False,,_T,WB_MPM,_T,1.40673,_T,_Z,0
,WB_MPM_HEADCOUNT,,A,_Z,PT,2017,A,602,FIN,,PU,_Z,,,False,,_T,WB_MPM,_T,1.55355,_T,_Z,0
,WB_MPM_HEADCOUNT,,A,_Z,PT,2018,A,602,FIN,,PU,_Z,,,False,,_T,WB_MPM,_T,1.03222,_T,_Z,0
,WB_MPM_HEADCOUNT,,A,_Z,PT,2019,A,602,FIN,,PU,_Z,,,False,,_T,WB_MPM,_T,0.976605,_T,_Z,0
,WB_MPM_HEADCOUNT,,A,_Z,PT,2020,A,602,FIN,,PU,_Z,,,False,,_T,WB_MPM,_T,1.35134,_T,_Z,0
,WB_MPM_HEADCOUNT,,A,_Z,PT,2021,A,602,FIN,,PU,_Z,,,True,,_T,WB_MPM,_T,1.51523,_T,_Z,0
,WB_MPM_HEADCOUNT,,A,_Z,PT,2013,A,602,FJI,,PU,_Z,,,False,,_T,WB_MPM,_T,0.591179,_T,_Z,0
,WB_MPM_HEADCOUNT,,A,_Z,PT,2019,A,602,FJI,,PU,_Z,,,True,,_T,WB_MPM,_T,1.60165,_T,_Z,0
,WB_MPM_HEADCOUNT,,A,_Z,PT,2009,A,602,FRA,,PU,_Z,,,False,,_T,WB_MPM,_T,0.562364,_T,_Z,0
,WB_MPM_HEADCOUNT,,A,_Z,PT,2010,A,602,FRA,,PU,_Z,,,False,,_T,WB_MPM,_T,0.720548,_T,_Z,0
,WB_MPM_HEADCOUNT,,A,_Z,PT,2011,A,602,FRA,,PU,_Z,,,False,,_T,WB_MPM,_T,0.625969,_T,_Z,0
,WB_MPM_HEADCOUNT,,A,_Z,PT,2012,A,602,FRA,,PU,_Z,,,False,,_T,WB_MPM,_T,0.523841,_T,_Z,0
,WB_MPM_HEADCOUNT,,A,_Z,PT,2013,A,602,FRA,,PU,_Z,,,False,,_T,WB_MPM,_T,1.10034,_T,_Z,0
,WB_MPM_HEADCOUNT,,A,_Z,PT,2014,A,602,FRA,,PU,_Z,,,False,,_T,WB_MPM,_T,1.06207,_T,_Z,0
,WB_MPM_HEADCOUNT,,A,_Z,PT,2015,A,602,FRA,,PU,_Z,,,False,,_T,WB_MPM,_T,1.20407,_T,_Z,0
,WB_MPM_HEADCOUNT,,A,_Z,PT,2016,A,602,FRA,,PU,_Z,,,False,,_T,WB_MPM,_T,1.74838,_T,_Z,0
,WB_MPM_HEADCOUNT,,A,_Z,PT,2017,A,602,FRA,,PU,_Z,,,False,,_T,WB_MPM,_T,1.48436,_T,_Z,0
,WB_MPM_HEADCOUNT,,A,_Z,PT,2018,A,602,FRA,,PU,_Z,,,False,,_T,WB_MPM,_T,1.63346,_T,_Z,0
,WB_MPM_HEADCOUNT,,A,_Z,PT,2019,A,602,FRA,,PU,_Z,,,False,,_T,WB_MPM,_T,0.643208,_T,_Z,0
,WB_MPM_HEADCOUNT,,A,_Z,PT,2020,A,602,FRA,,PU,_Z,,,False,,_T,WB_MPM,_T,1.04187,_T,_Z,0
,WB_MPM_HEADCOUNT,,A,_Z,PT,2021,A,602,FRA,,PU,_Z,,,True,,_T,WB_MPM,_T,1.4226,_T,_Z,0
,WB_MPM_HEADCOUNT,,A,_Z,PT,2013,A,602,FSM,,PU,_Z,,,True,,_T,WB_MPM,_T,19.9689,_T,_Z,0
,WB_MPM_HEADCOUNT,,A,_Z,PT,2017,A,602,GAB,,PU,_Z,,,True,,_T,WB_MPM,_T,8.36343,_T,_Z,0
,WB_MPM_HEADCOUNT,,A,_Z,PT,2010,A,602,GBR,,PU,_Z,,,False,,_T,WB_MPM,_T,0.43561,_T,_Z,0
,WB_MPM_HEADCOUNT,,A,_Z,PT,2011,A,602,GBR,,PU,_Z,,,False,,_T,WB_MPM,_T,0.39297,_T,_Z,0
,WB_MPM_HEADCOUNT,,A,_Z,PT,2012,A,602,GBR,,PU,_Z,,,False,,_T,WB_MPM,_T,0.43124,_T,_Z,0
,WB_MPM_HEADCOUNT,,A,_Z,PT,2013,A,602,GBR,,PU,_Z,,,False,,_T,WB_MPM,_T,0.22952,_T,_Z,0
,WB_MPM_HEADCOUNT,,A,_Z,PT,2014,A,602,GBR,,PU,_Z,,,False,,_T,WB_MPM,_T,0.35799,_T,_Z,0
,WB_MPM_HEADCOUNT,,A,_Z,PT,2015,A,602,GBR,,PU,_Z,,,False,,_T,WB_MPM,_T,0.3643,_T,_Z,0
,WB_MPM_HEADCOUNT,,A,_Z,PT,2016,A,602,GBR,,PU,_Z,,,False,,_T,WB_MPM,_T,0.42134,_T,_Z,0
,WB_MPM_HEADCOUNT,,A,_Z,PT,2017,A,602,GBR,,PU,_Z,,,False,,_T,WB_MPM,_T,0.40491,_T,_Z,0
,WB_MPM_HEADCOUNT,,A,_Z,PT,2018,A,602,GBR,,PU,_Z,,,False,,_T,WB_MPM,_T,0.46475,_T,_Z,0
,WB_MPM_HEADCOUNT,,A,_Z,PT,2019,A,602,GBR,,PU,_Z,,,False,,_T,WB_MPM,_T,0.40067,_T,_Z,0
,WB_MPM_HEADCOUNT,,A,_Z,PT,2020,A,602,GBR,,PU,_Z,,,False,,_T,WB_MPM,_T,0.5617,_T,_Z,0
,WB_MPM_HEADCOUNT,,A,_Z,PT,2021,A,602,GBR,,PU,_Z,,,True,,_T,WB_MPM,_T,0.39868,_T,_Z,0
,WB_MPM_HEADCOUNT,,A,_Z,PT,2010,A,602,GEO,,PU,_Z,,,False,,_T,WB_MPM,_T,14.5159,_T,_Z,0
,WB_MPM_HEADCOUNT,,A,_Z,PT,2011,A,602,GEO,,PU,_Z,,,False,,_T,WB_MPM,_T,13.4332,_T,_Z,0
,WB_MPM_HEADCOUNT,,A,_Z,PT,2012,A,602,GEO,,PU,_Z,,,False,,_T,WB_MPM,_T,11.0012,_T,_Z,0
,WB_MPM_HEADCOUNT,,A,_Z,PT,2013,A,602,GEO,,PU,_Z,,,False,,_T,WB_MPM,_T,8.10329,_T,_Z,0
,WB_MPM_HEADCOUNT,,A,_Z,PT,2014,A,602,GEO,,PU,_Z,,,False,,_T,WB_MPM,_T,6.12704,_T,_Z,0
,WB_MPM_HEADCOUNT,,A,_Z,PT,2015,A,602,GEO,,PU,_Z,,,False,,_T,WB_MPM,_T,4.89266,_T,_Z,0
,WB_MPM_HEADCOUNT,,A,_Z,PT,2016,A,602,GEO,,PU,_Z,,,False,,_T,WB_MPM,_T,4.95834,_T,_Z,0
,WB_MPM_HEADCOUNT,,A,_Z,PT,2017,A,602,GEO,,PU,_Z,,,False,,_T,WB_MPM,_T,6.2576,_T,_Z,0
,WB_MPM_HEADCOUNT,,A,_Z,PT,2018,A,602,GEO,,PU,_Z,,,False,,_T,WB_MPM,_T,5.59895,_T,_Z,0
,WB_MPM_HEADCOUNT,,A,_Z,PT,2019,A,602,GEO,,PU,_Z,,,False,,_T,WB_MPM,_T,4.84863,_T,_Z,0
,WB_MPM_HEADCOUNT,,A,_Z,PT,2020,A,602,GEO,,PU,_Z,,,False,,_T,WB_MPM,_T,5.82521,_T,_Z,0
,WB_MPM_HEADCOUNT,,A,_Z,PT,2021,A,602,GEO,,PU,_Z,,,False,,_T,WB_MPM,_T,5.49365,_T,_Z,0
,WB_MPM_HEADCOUNT,,A,_Z,PT,2022,A,602,GEO,,PU,_Z,,,True,,_T,WB_MPM,_T,4.29361,_T,_Z,0
,WB_MPM_HEADCOUNT,,A,_Z,PT,2012,A,602,GHA,,PU,_Z,,,False,,_T,WB_MPM,_T,33.1904,_T,_Z,0
,WB_MPM_HEADCOUNT,,A,_Z,PT,2016,A,602,GHA,,PU,_Z,,,True,,_T,WB_MPM,_T,32.7739,_T,_Z,0
,WB_MPM_HEADCOUNT,,A,_Z,PT,2012,A,602,GIN,,PU,_Z,,,False,,_T,WB_MPM,_T,64.4779,_T,_Z,0
,WB_MPM_HEADCOUNT,,A,_Z,PT,2018,A,602,GIN,,PU,_Z,,,True,,_T,WB_MPM,_T,51.6976,_T,_Z,0
,WB_MPM_HEADCOUNT,,A,_Z,PT,2015,A,602,GMB,,PU,_Z,,,False,,_T,WB_MPM,_T,18.3415,_T,_Z,0
,WB_MPM_HEADCOUNT,,A,_Z,PT,2020,A,602,GMB,,PU,_Z,,,True,,_T,WB_MPM,_T,36.1915,_T,_Z,0
,WB_MPM_HEADCOUNT,,A,_Z,PT,2010,A,602,GNB,,PU,_Z,,,False,,_T,WB_MPM,_T,81.5625,_T,_Z,0
,WB_MPM_HEADCOUNT,,A,_Z,PT,2018,A,602,GNB,,PU,_Z,,,False,,_T,WB_MPM,_T,46.1269,_T,_Z,0
,WB_MPM_HEADCOUNT,,A,_Z,PT,2021,A,602,GNB,,PU,_Z,,,True,,_T,WB_MPM,_T,38.73,_T,_Z,0
,WB_MPM_HEADCOUNT,,A,_Z,PT,2009,A,602,GRC,,PU,_Z,,,False,,_T,WB_MPM,_T,3.34,_T,_Z,0
,WB_MPM_HEADCOUNT,,A,_Z,PT,2010,A,602,GRC,,PU,_Z,,,False,,_T,WB_MPM,_T,3.27469,_T,_Z,0
,WB_MPM_HEADCOUNT,,A,_Z,PT,2011,A,602,GRC,,PU,_Z,,,False,,_T,WB_MPM,_T,3.48865,_T,_Z,0
,WB_MPM_HEADCOUNT,,A,_Z,PT,2012,A,602,GRC,,PU,_Z,,,False,,_T,WB_MPM,_T,4.0292,_T,_Z,0
,WB_MPM_HEADCOUNT,,A,_Z,PT,2013,A,602,GRC,,PU,_Z,,,False,,_T,WB_MPM,_T,3.55363,_T,_Z,0
,WB_MPM_HEADCOUNT,,A,_Z,PT,2014,A,602,GRC,,PU,_Z,,,False,,_T,WB_MPM,_T,3.74256,_T,_Z,0
,WB_MPM_HEADCOUNT,,A,_Z,PT,2015,A,602,GRC,,PU,_Z,,,False,,_T,WB_MPM,_T,3.60623,_T,_Z,0
,WB_MPM_HEADCOUNT,,A,_Z,PT,2016,A,602,GRC,,PU,_Z,,,False,,_T,WB_MPM,_T,3.1671,_T,_Z,0
,WB_MPM_HEADCOUNT,,A,_Z,PT,2017,A,602,GRC,,PU,_Z,,,False,,_T,WB_MPM,_T,2.57733,_T,_Z,0
,WB_MPM_HEADCOUNT,,A,_Z,PT,2018,A,602,GRC,,PU,_Z,,,False,,_T,WB_MPM,_T,1.89345,_T,_Z,0
,WB_MPM_HEADCOUNT,,A,_Z,PT,2019,A,602,GRC,,PU,_Z,,,False,,_T,WB_MPM,_T,2.69163,_T,_Z,0
,WB_MPM_HEADCOUNT,,A,_Z,PT,2020,A,602,GRC,,PU,_Z,,,False,,_T,WB_MPM,_T,2.5763,_T,_Z,0
,WB_MPM_HEADCOUNT,,A,_Z,PT,2021,A,602,GRC,,PU,_Z,,,True,,_T,WB_MPM,_T,2.22118,_T,_Z,0
,WB_MPM_HEADCOUNT,,A,_Z,PT,2018,A,602,GRD,,PU,_Z,,,True,,_T,WB_MPM,_T,0.719852,_T,_Z,0
,WB_MPM_HEADCOUNT,,A,_Z,PT,2014,A,602,GTM,,PU,_Z,,,True,,_T,WB_MPM,_T,22.22,_T,_Z,0
,WB_MPM_HEADCOUNT,,A,_Z,PT,2010,A,602,HND,,PU,_Z,,,False,,_T,WB_MPM,_T,18.9942,_T,_Z,0
,WB_MPM_HEADCOUNT,,A,_Z,PT,2011,A,602,HND,,PU,_Z,,,False,,_T,WB_MPM,_T,20.0337,_T,_Z,0
,WB_MPM_HEADCOUNT,,A,_Z,PT,2012,A,602,HND,,PU,_Z,,,False,,_T,WB_MPM,_T,21.8807,_T,_Z,0
,WB_MPM_HEADCOUNT,,A,_Z,PT,2013,A,602,HND,,PU,_Z,,,False,,_T,WB_MPM,_T,19.1321,_T,_Z,0
,WB_MPM_HEADCOUNT,,A,_Z,PT,2014,A,602,HND,,PU,_Z,,,False,,_T,WB_MPM,_T,18.7161,_T,_Z,0
,WB_MPM_HEADCOUNT,,A,_Z,PT,2015,A,602,HND,,PU,_Z,,,False,,_T,WB_MPM,_T,17.0946,_T,_Z,0
,WB_MPM_HEADCOUNT,,A,_Z,PT,2016,A,602,HND,,PU,_Z,,,False,,_T,WB_MPM,_T,17.819,_T,_Z,0
,WB_MPM_HEADCOUNT,,A,_Z,PT,2017,A,602,HND,,PU,_Z,,,False,,_T,WB_MPM,_T,16.8633,_T,_Z,0
,WB_MPM_HEADCOUNT,,A,_Z,PT,2018,A,602,HND,,PU,_Z,,,False,,_T,WB_MPM,_T,17.0392,_T,_Z,0
,WB_MPM_HEADCOUNT,,A,_Z,PT,2019,A,602,HND,,PU,_Z,,,True,,_T,WB_MPM,_T,14.7825,_T,_Z,0
,WB_MPM_HEADCOUNT,,A,_Z,PT,2010,A,602,HRV,,PU,_Z,,,False,,_T,WB_MPM,_T,1.58956,_T,_Z,0
,WB_MPM_HEADCOUNT,,A,_Z,PT,2011,A,602,HRV,,PU,_Z,,,False,,_T,WB_MPM,_T,0.870343,_T,_Z,0
,WB_MPM_HEADCOUNT,,A,_Z,PT,2012,A,602,HRV,,PU,_Z,,,False,,_T,WB_MPM,_T,1.03136,_T,_Z,0
,WB_MPM_HEADCOUNT,,A,_Z,PT,2013,A,602,HRV,,PU,_Z,,,False,,_T,WB_MPM,_T,0.987167,_T,_Z,0
,WB_MPM_HEADCOUNT,,A,_Z,PT,2014,A,602,HRV,,PU,_Z,,,False,,_T,WB_MPM,_T,1.20947,_T,_Z,0
,WB_MPM_HEADCOUNT,,A,_Z,PT,2015,A,602,HRV,,PU,_Z,,,False,,_T,WB_MPM,_T,0.80365,_T,_Z,0
,WB_MPM_HEADCOUNT,,A,_Z,PT,2016,A,602,HRV,,PU,_Z,,,False,,_T,WB_MPM,_T,0.903893,_T,_Z,0
,WB_MPM_HEADCOUNT,,A,_Z,PT,2017,A,602,HRV,,PU,_Z,,,False,,_T,WB_MPM,_T,0.777845,_T,_Z,0
,WB_MPM_HEADCOUNT,,A,_Z,PT,2018,A,602,HRV,,PU,_Z,,,False,,_T,WB_MPM,_T,0.677532,_T,_Z,0
,WB_MPM_HEADCOUNT,,A,_Z,PT,2019,A,602,HRV,,PU,_Z,,,False,,_T,WB_MPM,_T,0.520972,_T,_Z,0
,WB_MPM_HEADCOUNT,,A,_Z,PT,2020,A,602,HRV,,PU,_Z,,,False,,_T,WB_MPM,_T,0.460096,_T,_Z,0
,WB_MPM_HEADCOUNT,,A,_Z,PT,2021,A,602,HRV,,PU,_Z,,,True,,_T,WB_MPM,_T,0.453452,_T,_Z,0
,WB_MPM_HEADCOUNT,,A,_Z,PT,2012,A,602,HTI,,PU,_Z,,,True,,_T,WB_MPM,_T,46.8435,_T,_Z,0
,WB_MPM_HEADCOUNT,,A,_Z,PT,2009,A,602,HUN,,PU,_Z,,,False,,_T,WB_MPM,_T,0.0774756,_T,_Z,0
,WB_MPM_HEADCOUNT,,A,_Z,PT,2010,A,602,HUN,,PU,_Z,,,False,,_T,WB_MPM,_T,0.109526,_T,_Z,0
,WB_MPM_HEADCOUNT,,A,_Z,PT,2011,A,602,HUN,,PU,_Z,,,False,,_T,WB_MPM,_T,0.0988872,_T,_Z,0
,WB_MPM_HEADCOUNT,,A,_Z,PT,2012,A,602,HUN,,PU,_Z,,,False,,_T,WB_MPM,_T,0.339229,_T,_Z,0
,WB_MPM_HEADCOUNT,,A,_Z,PT,2013,A,602,HUN,,PU,_Z,,,False,,_T,WB_MPM,_T,0.186376,_T,_Z,0
,WB_MPM_HEADCOUNT,,A,_Z,PT,2014,A,602,HUN,,PU,_Z,,,False,,_T,WB_MPM,_T,0.698916,_T,_Z,0
,WB_MPM_HEADCOUNT,,A,_Z,PT,2015,A,602,HUN,,PU,_Z,,,False,,_T,WB_MPM,_T,0.703396,_T,_Z,0
,WB_MPM_HEADCOUNT,,A,_Z,PT,2016,A,602,HUN,,PU,_Z,,,False,,_T,WB_MPM,_T,1.37466,_T,_Z,0
,WB_MPM_HEADCOUNT,,A,_Z,PT,2017,A,602,HUN,,PU,_Z,,,False,,_T,WB_MPM,_T,0.64555,_T,_Z,0
,WB_MPM_HEADCOUNT,,A,_Z,PT,2018,A,602,HUN,,PU,_Z,,,False,,_T,WB_MPM,_T,0.235281,_T,_Z,0
,WB_MPM_HEADCOUNT,,A,_Z,PT,2019,A,602,HUN,,PU,_Z,,,False,,_T,WB_MPM,_T,0.347229,_T,_Z,0
,WB_MPM_HEADCOUNT,,A,_Z,PT,2020,A,602,HUN,,PU,_Z,,,False,,_T,WB_MPM,_T,0.355639,_T,_Z,0
,WB_MPM_HEADCOUNT,,A,_Z,PT,2021,A,602,HUN,,PU,_Z,,,True,,_T,WB_MPM,_T,0.43121,_T,_Z,0
,WB_MPM_HEADCOUNT,,A,_Z,PT,2009,A,602,IDN,,PU,_Z,,,False,,_T,WB_MPM,_T,21.3379,_T,_Z,0
,WB_MPM_HEADCOUNT,,A,_Z,PT,2010,A,602,IDN,,PU,_Z,,,False,,_T,WB_MPM,_T,19.318,_T,_Z,0
,WB_MPM_HEADCOUNT,,A,_Z,PT,2012,A,602,IDN,,PU,_Z,,,False,,_T,WB_MPM,_T,12.9321,_T,_Z,0
,WB_MPM_HEADCOUNT,,A,_Z,PT,2013,A,602,IDN,,PU,_Z,,,False,,_T,WB_MPM,_T,12.8673,_T,_Z,0
,WB_MPM_HEADCOUNT,,A,_Z,PT,2015,A,602,IDN,,PU,_Z,,,False,,_T,WB_MPM,_T,9.96856,_T,_Z,0
,WB_MPM_HEADCOUNT,,A,_Z,PT,2016,A,602,IDN,,PU,_Z,,,False,,_T,WB_MPM,_T,8.04423,_T,_Z,0
,WB_MPM_HEADCOUNT,,A,_Z,PT,2017,A,602,IDN,,PU,_Z,,,False,,_T,WB_MPM,_T,5.46756,_T,_Z,0
,WB_MPM_HEADCOUNT,,A,_Z,PT,2018,A,602,IDN,,PU,_Z,,,False,,_T,WB_MPM,_T,5.47932,_T,_Z,0
,WB_MPM_HEADCOUNT,,A,_Z,PT,2019,A,602,IDN,,PU,_Z,,,False,,_T,WB_MPM,_T,3.98094,_T,_Z,0
,WB_MPM_HEADCOUNT,,A,_Z,PT,2020,A,602,IDN,,PU,_Z,,,False,,_T,WB_MPM,_T,3.43891,_T,_Z,0
,WB_MPM_HEADCOUNT,,A,_Z,PT,2021,A,602,IDN,,PU,_Z,,,False,,_T,WB_MPM,_T,3.34085,_T,_Z,0
,WB_MPM_HEADCOUNT,,A,_Z,PT,2022,A,602,IDN,,PU,_Z,,,False,,_T,WB_MPM,_T,2.60548,_T,_Z,0
,WB_MPM_HEADCOUNT,,A,_Z,PT,2023,A,602,IDN,,PU,_Z,,,True,,_T,WB_MPM,_T,2.14254,_T,_Z,0
,WB_MPM_HEADCOUNT,,A,_Z,PT,2009,A,602,IRL,,PU,_Z,,,False,,_T,WB_MPM,_T,2.1264,_T,_Z,0
,WB_MPM_HEADCOUNT,,A,_Z,PT,2010,A,602,IRL,,PU,_Z,,,False,,_T,WB_MPM,_T,2.61132,_T,_Z,0
,WB_MPM_HEADCOUNT,,A,_Z,PT,2011,A,602,IRL,,PU,_Z,,,False,,_T,WB_MPM,_T,2.17982,_T,_Z,0
,WB_MPM_HEADCOUNT,,A,_Z,PT,2012,A,602,IRL,,PU,_Z,,,False,,_T,WB_MPM,_T,1.66346,_T,_Z,0
,WB_MPM_HEADCOUNT,,A,_Z,PT,2013,A,602,IRL,,PU,_Z,,,False,,_T,WB_MPM,_T,1.43491,_T,_Z,0
,WB_MPM_HEADCOUNT,,A,_Z,PT,2014,A,602,IRL,,PU,_Z,,,False,,_T,WB_MPM,_T,0.996547,_T,_Z,0
,WB_MPM_HEADCOUNT,,A,_Z,PT,2015,A,602,IRL,,PU,_Z,,,False,,_T,WB_MPM,_T,1.12621,_T,_Z,0
,WB_MPM_HEADCOUNT,,A,_Z,PT,2016,A,602,IRL,,PU,_Z,,,False,,_T,WB_MPM,_T,0.753182,_T,_Z,0
,WB_MPM_HEADCOUNT,,A,_Z,PT,2017,A,602,IRL,,PU,_Z,,,False,,_T,WB_MPM,_T,0.616172,_T,_Z,0
,WB_MPM_HEADCOUNT,,A,_Z,PT,2018,A,602,IRL,,PU,_Z,,,False,,_T,WB_MPM,_T,0.689986,_T,_Z,0
,WB_MPM_HEADCOUNT,,A,_Z,PT,2019,A,602,IRL,,PU,_Z,,,False,,_T,WB_MPM,_T,0.377968,_T,_Z,0
,WB_MPM_HEADCOUNT,,A,_Z,PT,2020,A,602,IRL,,PU,_Z,,,True,,_T,WB_MPM,_T,0.423175,_T,_Z,0
,WB_MPM_HEADCOUNT,,A,_Z,PT,2011,A,602,IRN,,PU,_Z,,,False,,_T,WB_MPM,_T,2.18546,_T,_Z,0
,WB_MPM_HEADCOUNT,,A,_Z,PT,2012,A,602,IRN,,PU,_Z,,,False,,_T,WB_MPM,_T,1.62569,_T,_Z,0
,WB_MPM_HEADCOUNT,,A,_Z,PT,2013,A,602,IRN,,PU,_Z,,,False,,_T,WB_MPM,_T,1.69636,_T,_Z,0
,WB_MPM_HEADCOUNT,,A,_Z,PT,2014,A,602,IRN,,PU,_Z,,,False,,_T,WB_MPM,_T,0.858402,_T,_Z,0
,WB_MPM_HEADCOUNT,,A,_Z,PT,2016,A,602,IRN,,PU,_Z,,,False,,_T,WB_MPM,_T,0.662257,_T,_Z,0
,WB_MPM_HEADCOUNT,,A,_Z,PT,2017,A,602,IRN,,PU,_Z,,,False,,_T,WB_MPM,_T,0.506494,_T,_Z,0
,WB_MPM_HEADCOUNT,,A,_Z,PT,2018,A,602,IRN,,PU,_Z,,,False,,_T,WB_MPM,_T,0.827888,_T,_Z,0
,WB_MPM_HEADCOUNT,,A,_Z,PT,2019,A,602,IRN,,PU,_Z,,,False,,_T,WB_MPM,_T,0.828244,_T,_Z,0
,WB_MPM_HEADCOUNT,,A,_Z,PT,2022,A,602,IRN,,PU,_Z,,,True,,_T,WB_MPM,_T,0.540582,_T,_Z,0
,WB_MPM_HEADCOUNT,,A,_Z,PT,2012,A,602,IRQ,,PU,_Z,,,True,,_T,WB_MPM,_T,5.54435,_T,_Z,0
,WB_MPM_HEADCOUNT,,A,_Z,PT,2009,A,602,ISL,,PU,_Z,,,False,,_T,WB_MPM,_T,0.150217,_T,_Z,0
,WB_MPM_HEADCOUNT,,A,_Z,PT,2010,A,602,ISL,,PU,_Z,,,False,,_T,WB_MPM,_T,0.179062,_T,_Z,0
,WB_MPM_HEADCOUNT,,A,_Z,PT,2011,A,602,ISL,,PU,_Z,,,False,,_T,WB_MPM,_T,0.123284,_T,_Z,0
,WB_MPM_HEADCOUNT,,A,_Z,PT,2012,A,602,ISL,,PU,_Z,,,False,,_T,WB_MPM,_T,0.13224,_T,_Z,0
,WB_MPM_HEADCOUNT,,A,_Z,PT,2013,A,602,ISL,,PU,_Z,,,False,,_T,WB_MPM,_T,0.110687,_T,_Z,0
,WB_MPM_HEADCOUNT,,A,_Z,PT,2014,A,602,ISL,,PU,_Z,,,False,,_T,WB_MPM,_T,0.174759,_T,_Z,0
,WB_MPM_HEADCOUNT,,A,_Z,PT,2015,A,602,ISL,,PU,_Z,,,False,,_T,WB_MPM,_T,0.070269,_T,_Z,0
,WB_MPM_HEADCOUNT,,A,_Z,PT,2016,A,602,ISL,,PU,_Z,,,False,,_T,WB_MPM,_T,0.0374758,_T,_Z,0
,WB_MPM_HEADCOUNT,,A,_Z,PT,2017,A,602,ISL,,PU,_Z,,,True,,_T,WB_MPM,_T,0,_T,_Z,0
,WB_MPM_HEADCOUNT,,A,_Z,PT,2010,A,602,ISR,,PU,_Z,,,False,,_T,WB_MPM,_T,1.66332,_T,_Z,0
,WB_MPM_HEADCOUNT,,A,_Z,PT,2011,A,602,ISR,,PU,_Z,,,False,,_T,WB_MPM,_T,1.36619,_T,_Z,0
,WB_MPM_HEADCOUNT,,A,_Z,PT,2012,A,602,ISR,,PU,_Z,,,False,,_T,WB_MPM,_T,0.58411,_T,_Z,0
,WB_MPM_HEADCOUNT,,A,_Z,PT,2013,A,602,ISR,,PU,_Z,,,False,,_T,WB_MPM,_T,0.4087,_T,_Z,0
,WB_MPM_HEADCOUNT,,A,_Z,PT,2014,A,602,ISR,,PU,_Z,,,False,,_T,WB_MPM,_T,0.436,_T,_Z,0
,WB_MPM_HEADCOUNT,,A,_Z,PT,2015,A,602,ISR,,PU,_Z,,,False,,_T,WB_MPM,_T,0.38862,_T,_Z,0
,WB_MPM_HEADCOUNT,,A,_Z,PT,2016,A,602,ISR,,PU,_Z,,,False,,_T,WB_MPM,_T,0.15906,_T,_Z,0
,WB_MPM_HEADCOUNT,,A,_Z,PT,2017,A,602,ISR,,PU,_Z,,,False,,_T,WB_MPM,_T,1.17751,_T,_Z,0
,WB_MPM_HEADCOUNT,,A,_Z,PT,2018,A,602,ISR,,PU,_Z,,,False,,_T,WB_MPM,_T,1.06004,_T,_Z,0
,WB_MPM_HEADCOUNT,,A,_Z,PT,2019,A,602,ISR,,PU,_Z,,,False,,_T,WB_MPM,_T,0.62792,_T,_Z,0
,WB_MPM_HEADCOUNT,,A,_Z,PT,2020,A,602,ISR,,PU,_Z,,,False,,_T,WB_MPM,_T,0.54621,_T,_Z,0
,WB_MPM_HEADCOUNT,,A,_Z,PT,2021,A,602,ISR,,PU,_Z,,,True,,_T,WB_MPM,_T,0.34777,_T,_Z,0
,WB_MPM_HEADCOUNT,,A,_Z,PT,2009,A,602,ITA,,PU,_Z,,,False,,_T,WB_MPM,_T,2.54909,_T,_Z,0
,WB_MPM_HEADCOUNT,,A,_Z,PT,2010,A,602,ITA,,PU,_Z,,,False,,_T,WB_MPM,_T,3.30376,_T,_Z,0
,WB_MPM_HEADCOUNT,,A,_Z,PT,2011,A,602,ITA,,PU,_Z,,,False,,_T,WB_MPM,_T,2.75558,_T,_Z,0
,WB_MPM_HEADCOUNT,,A,_Z,PT,2012,A,602,ITA,,PU,_Z,,,False,,_T,WB_MPM,_T,2.45948,_T,_Z,0
,WB_MPM_HEADCOUNT,,A,_Z,PT,2013,A,602,ITA,,PU,_Z,,,False,,_T,WB_MPM,_T,2.64309,_T,_Z,0
,WB_MPM_HEADCOUNT,,A,_Z,PT,2014,A,602,ITA,,PU,_Z,,,False,,_T,WB_MPM,_T,2.31061,_T,_Z,0
,WB_MPM_HEADCOUNT,,A,_Z,PT,2015,A,602,ITA,,PU,_Z,,,False,,_T,WB_MPM,_T,3.46215,_T,_Z,0
,WB_MPM_HEADCOUNT,,A,_Z,PT,2016,A,602,ITA,,PU,_Z,,,False,,_T,WB_MPM,_T,2.99341,_T,_Z,0
,WB_MPM_HEADCOUNT,,A,_Z,PT,2017,A,602,ITA,,PU,_Z,,,False,,_T,WB_MPM,_T,2.73091,_T,_Z,0
,WB_MPM_HEADCOUNT,,A,_Z,PT,2018,A,602,ITA,,PU,_Z,,,False,,_T,WB_MPM,_T,2.71657,_T,_Z,0
,WB_MPM_HEADCOUNT,,A,_Z,PT,2019,A,602,ITA,,PU,_Z,,,False,,_T,WB_MPM,_T,2.35649,_T,_Z,0
,WB_MPM_HEADCOUNT,,A,_Z,PT,2020,A,602,ITA,,PU,_Z,,,False,,_T,WB_MPM,_T,2.22401,_T,_Z,0
,WB_MPM_HEADCOUNT,,A,_Z,PT,2021,A,602,ITA,,PU,_Z,,,True,,_T,WB_MPM,_T,2.36463,_T,_Z,0
,WB_MPM_HEADCOUNT,,A,_Z,PT,2018,A,602,JAM,,PU,_Z,,,False,,_T,WB_MPM,_T,0.328932,_T,_Z,0
,WB_MPM_HEADCOUNT,,A,_Z,PT,2021,A,602,JAM,,PU,_Z,,,True,,_T,WB_MPM,_T,0.715376,_T,_Z,0
,WB_MPM_HEADCOUNT,,A,_Z,PT,2010,A,602,JOR,,PU,_Z,,,True,,_T,WB_MPM,_T,0.254745,_T,_Z,0
,WB_MPM_HEADCOUNT,,A,_Z,PT,2010,A,602,JPN,,PU,_Z,,,False,,_T,WB_MPM,_T,0.11597,_T,_Z,0
,WB_MPM_HEADCOUNT,,A,_Z,PT,2013,A,602,JPN,,PU,_Z,,,True,,_T,WB_MPM,_T,0.80507,_T,_Z,0
,WB_MPM_HEADCOUNT,,A,_Z,PT,2010,A,602,KAZ,,PU,_Z,,,False,,_T,WB_MPM,_T,50.1221,_T,_Z,0
,WB_MPM_HEADCOUNT,,A,_Z,PT,2011,A,602,KAZ,,PU,_Z,,,False,,_T,WB_MPM,_T,0.0882044,_T,_Z,0
,WB_MPM_HEADCOUNT,,A,_Z,PT,2012,A,602,KAZ,,PU,_Z,,,False,,_T,WB_MPM,_T,0.0450748,_T,_Z,0
,WB_MPM_HEADCOUNT,,A,_Z,PT,2013,A,602,KAZ,,PU,_Z,,,False,,_T,WB_MPM,_T,0.0331096,_T,_Z,0
,WB_MPM_HEADCOUNT,,A,_Z,PT,2014,A,602,KAZ,,PU,_Z,,,False,,_T,WB_MPM,_T,0.0192753,_T,_Z,0
,WB_MPM_HEADCOUNT,,A,_Z,PT,2015,A,602,KAZ,,PU,_Z,,,False,,_T,WB_MPM,_T,0.0382706,_T,_Z,0
,WB_MPM_HEADCOUNT,,A,_Z,PT,2016,A,602,KAZ,,PU,_Z,,,False,,_T,WB_MPM,_T,0.0551988,_T,_Z,0
,WB_MPM_HEADCOUNT,,A,_Z,PT,2017,A,602,KAZ,,PU,_Z,,,False,,_T,WB_MPM,_T,0.041499,_T,_Z,0
,WB_MPM_HEADCOUNT,,A,_Z,PT,2018,A,602,KAZ,,PU,_Z,,,True,,_T,WB_MPM,_T,0.0191041,_T,_Z,0
,WB_MPM_HEADCOUNT,,A,_Z,PT,2015,A,602,KEN,,PU,_Z,,,False,,_T,WB_MPM,_T,45.4019,_T,_Z,0
,WB_MPM_HEADCOUNT,,A,_Z,PT,2021,A,602,KEN,,PU,_Z,,,True,,_T,WB_MPM,_T,38.4901,_T,_Z,0
,WB_MPM_HEADCOUNT,,A,_Z,PT,2010,A,602,KGZ,,PU,_Z,,,False,,_T,WB_MPM,_T,3.91424,_T,_Z,0
,WB_MPM_HEADCOUNT,,A,_Z,PT,2011,A,602,KGZ,,PU,_Z,,,False,,_T,WB_MPM,_T,2.72599,_T,_Z,0
,WB_MPM_HEADCOUNT,,A,_Z,PT,2012,A,602,KGZ,,PU,_Z,,,False,,_T,WB_MPM,_T,11.946,_T,_Z,0
,WB_MPM_HEADCOUNT,,A,_Z,PT,2013,A,602,KGZ,,PU,_Z,,,False,,_T,WB_MPM,_T,2.82585,_T,_Z,0
,WB_MPM_HEADCOUNT,,A,_Z,PT,2014,A,602,KGZ,,PU,_Z,,,False,,_T,WB_MPM,_T,2.54971,_T,_Z,0
,WB_MPM_HEADCOUNT,,A,_Z,PT,2015,A,602,KGZ,,PU,_Z,,,False,,_T,WB_MPM,_T,2.65235,_T,_Z,0
,WB_MPM_HEADCOUNT,,A,_Z,PT,2016,A,602,KGZ,,PU,_Z,,,False,,_T,WB_MPM,_T,1.50016,_T,_Z,0
,WB_MPM_HEADCOUNT,,A,_Z,PT,2017,A,602,KGZ,,PU,_Z,,,False,,_T,WB_MPM,_T,1.33759,_T,_Z,0
,WB_MPM_HEADCOUNT,,A,_Z,PT,2018,A,602,KGZ,,PU,_Z,,,False,,_T,WB_MPM,_T,0.74726,_T,_Z,0
,WB_MPM_HEADCOUNT,,A,_Z,PT,2019,A,602,KGZ,,PU,_Z,,,False,,_T,WB_MPM,_T,0.820497,_T,_Z,0
,WB_MPM_HEADCOUNT,,A,_Z,PT,2020,A,602,KGZ,,PU,_Z,,,False,,_T,WB_MPM,_T,1.32998,_T,_Z,0
,WB_MPM_HEADCOUNT,,A,_Z,PT,2021,A,602,KGZ,,PU,_Z,,,False,,_T,WB_MPM,_T,0.706418,_T,_Z,0
,WB_MPM_HEADCOUNT,,A,_Z,PT,2022,A,602,KGZ,,PU,_Z,,,True,,_T,WB_MPM,_T,0.310759,_T,_Z,0
,WB_MPM_HEADCOUNT,,A,_Z,PT,2019,A,602,KIR,,PU,_Z,,,True,,_T,WB_MPM,_T,5.59182,_T,_Z,0
,WB_MPM_HEADCOUNT,,A,_Z,PT,2010,A,602,KOR,,PU,_Z,,,False,,_T,WB_MPM,_T,0.44493,_T,_Z,0
,WB_MPM_HEADCOUNT,,A,_Z,PT,2012,A,602,KOR,,PU,_Z,,,False,,_T,WB_MPM,_T,0.33156,_T,_Z,0
,WB_MPM_HEADCOUNT,,A,_Z,PT,2014,A,602,KOR,,PU,_Z,,,False,,_T,WB_MPM,_T,0.259,_T,_Z,0
,WB_MPM_HEADCOUNT,,A,_Z,PT,2016,A,602,KOR,,PU,_Z,,,False,,_T,WB_MPM,_T,0.16461,_T,_Z,0
,WB_MPM_HEADCOUNT,,A,_Z,PT,2017,A,602,KOR,,PU,_Z,,,False,,_T,WB_MPM,_T,0.14174,_T,_Z,0
,WB_MPM_HEADCOUNT,,A,_Z,PT,2018,A,602,KOR,,PU,_Z,,,False,,_T,WB_MPM,_T,0.14166,_T,_Z,0
,WB_MPM_HEADCOUNT,,A,_Z,PT,2019,A,602,KOR,,PU,_Z,,,False,,_T,WB_MPM,_T,0.11473,_T,_Z,0
,WB_MPM_HEADCOUNT,,A,_Z,PT,2020,A,602,KOR,,PU,_Z,,,False,,_T,WB_MPM,_T,0.0924,_T,_Z,0
,WB_MPM_HEADCOUNT,,A,_Z,PT,2021,A,602,KOR,,PU,_Z,,,True,,_T,WB_MPM,_T,0.10379,_T,_Z,0
,WB_MPM_HEADCOUNT,,A,_Z,PT,2012,A,602,LAO,,PU,_Z,,,False,,_T,WB_MPM,_T,19.1798,_T,_Z,0
,WB_MPM_HEADCOUNT,,A,_Z,PT,2018,A,602,LAO,,PU,_Z,,,True,,_T,WB_MPM,_T,10.8528,_T,_Z,0
,WB_MPM_HEADCOUNT,,A,_Z,PT,2011,A,602,LBN,,PU,_Z,,,True,,_T,WB_MPM,_T,0.694353,_T,_Z,0
,WB_MPM_HEADCOUNT,,A,_Z,PT,2014,A,602,LBR,,PU,_Z,,,False,,_T,WB_MPM,_T,55.5149,_T,_Z,0
,WB_MPM_HEADCOUNT,,A,_Z,PT,2016,A,602,LBR,,PU,_Z,,,True,,_T,WB_MPM,_T,56.5711,_T,_Z,0
,WB_MPM_HEADCOUNT,,A,_Z,PT,2015,A,602,LCA,,PU,_Z,,,True,,_T,WB_MPM,_T,0.415166,_T,_Z,0
,WB_MPM_HEADCOUNT,,A,_Z,PT,2012,A,602,LKA,,PU,_Z,,,False,,_T,WB_MPM,_T,3.52387,_T,_Z,0
,WB_MPM_HEADCOUNT,,A,_Z,PT,2016,A,602,LKA,,PU,_Z,,,False,,_T,WB_MPM,_T,1.69382,_T,_Z,0
,WB_MPM_HEADCOUNT,,A,_Z,PT,2019,A,602,LKA,,PU,_Z,,,True,,_T,WB_MPM,_T,1.07352,_T,_Z,0
,WB_MPM_HEADCOUNT,,A,_Z,PT,2017,A,602,LSO,,PU,_Z,,,True,,_T,WB_MPM,_T,40.682,_T,_Z,0
,WB_MPM_HEADCOUNT,,A,_Z,PT,2009,A,602,LTU,,PU,_Z,,,False,,_T,WB_MPM,_T,2.96236,_T,_Z,0
,WB_MPM_HEADCOUNT,,A,_Z,PT,2010,A,602,LTU,,PU,_Z,,,False,,_T,WB_MPM,_T,2.24223,_T,_Z,0
,WB_MPM_HEADCOUNT,,A,_Z,PT,2011,A,602,LTU,,PU,_Z,,,False,,_T,WB_MPM,_T,1.31675,_T,_Z,0
,WB_MPM_HEADCOUNT,,A,_Z,PT,2012,A,602,LTU,,PU,_Z,,,False,,_T,WB_MPM,_T,1.54516,_T,_Z,0
,WB_MPM_HEADCOUNT,,A,_Z,PT,2013,A,602,LTU,,PU,_Z,,,False,,_T,WB_MPM,_T,1.25193,_T,_Z,0
,WB_MPM_HEADCOUNT,,A,_Z,PT,2014,A,602,LTU,,PU,_Z,,,False,,_T,WB_MPM,_T,1.71503,_T,_Z,0
,WB_MPM_HEADCOUNT,,A,_Z,PT,2015,A,602,LTU,,PU,_Z,,,False,,_T,WB_MPM,_T,1.11398,_T,_Z,0
,WB_MPM_HEADCOUNT,,A,_Z,PT,2016,A,602,LTU,,PU,_Z,,,False,,_T,WB_MPM,_T,1.72217,_T,_Z,0
,WB_MPM_HEADCOUNT,,A,_Z,PT,2017,A,602,LTU,,PU,_Z,,,False,,_T,WB_MPM,_T,1.26118,_T,_Z,0
,WB_MPM_HEADCOUNT,,A,_Z,PT,2018,A,602,LTU,,PU,_Z,,,False,,_T,WB_MPM,_T,1.32536,_T,_Z,0
,WB_MPM_HEADCOUNT,,A,_Z,PT,2019,A,602,LTU,,PU,_Z,,,False,,_T,WB_MPM,_T,0.933525,_T,_Z,0
,WB_MPM_HEADCOUNT,,A,_Z,PT,2020,A,602,LTU,,PU,_Z,,,False,,_T,WB_MPM,_T,0.374611,_T,_Z,0
,WB_MPM_HEADCOUNT,,A,_Z,PT,2021,A,602,LTU,,PU,_Z,,,True,,_T,WB_MPM,_T,0.358154,_T,_Z,0
,WB_MPM_HEADCOUNT,,A,_Z,PT,2009,A,602,LUX,,PU,_Z,,,False,,_T,WB_MPM,_T,0.331947,_T,_Z,0
,WB_MPM_HEADCOUNT,,A,_Z,PT,2010,A,602,LUX,,PU,_Z,,,False,,_T,WB_MPM,_T,0.286696,_T,_Z,0
,WB_MPM_HEADCOUNT,,A,_Z,PT,2011,A,602,LUX,,PU,_Z,,,False,,_T,WB_MPM,_T,0.339515,_T,_Z,0
,WB_MPM_HEADCOUNT,,A,_Z,PT,2012,A,602,LUX,,PU,_Z,,,False,,_T,WB_MPM,_T,0.290377,_T,_Z,0
,WB_MPM_HEADCOUNT,,A,_Z,PT,2013,A,602,LUX,,PU,_Z,,,False,,_T,WB_MPM,_T,0.727563,_T,_Z,0
,WB_MPM_HEADCOUNT,,A,_Z,PT,2014,A,602,LUX,,PU,_Z,,,False,,_T,WB_MPM,_T,1.19272,_T,_Z,0
,WB_MPM_HEADCOUNT,,A,_Z,PT,2015,A,602,LUX,,PU,_Z,,,False,,_T,WB_MPM,_T,1.32819,_T,_Z,0
,WB_MPM_HEADCOUNT,,A,_Z,PT,2016,A,602,LUX,,PU,_Z,,,False,,_T,WB_MPM,_T,1.24188,_T,_Z,0
,WB_MPM_HEADCOUNT,,A,_Z,PT,2017,A,602,LUX,,PU,_Z,,,False,,_T,WB_MPM,_T,1.02343,_T,_Z,0
,WB_MPM_HEADCOUNT,,A,_Z,PT,2018,A,602,LUX,,PU,_Z,,,False,,_T,WB_MPM,_T,0.675179,_T,_Z,0
,WB_MPM_HEADCOUNT,,A,_Z,PT,2019,A,602,LUX,,PU,_Z,,,False,,_T,WB_MPM,_T,0.614597,_T,_Z,0
,WB_MPM_HEADCOUNT,,A,_Z,PT,2020,A,602,LUX,,PU,_Z,,,False,,_T,WB_MPM,_T,4.48437,_T,_Z,0
,WB_MPM_HEADCOUNT,,A,_Z,PT,2021,A,602,LUX,,PU,_Z,,,True,,_T,WB_MPM,_T,2.65181,_T,_Z,0
,WB_MPM_HEADCOUNT,,A,_Z,PT,2009,A,602,LVA,,PU,_Z,,,False,,_T,WB_MPM,_T,1.94582,_T,_Z,0
,WB_MPM_HEADCOUNT,,A,_Z,PT,2010,A,602,LVA,,PU,_Z,,,False,,_T,WB_MPM,_T,1.97931,_T,_Z,0
,WB_MPM_HEADCOUNT,,A,_Z,PT,2011,A,602,LVA,,PU,_Z,,,False,,_T,WB_MPM,_T,1.20694,_T,_Z,0
,WB_MPM_HEADCOUNT,,A,_Z,PT,2012,A,602,LVA,,PU,_Z,,,False,,_T,WB_MPM,_T,1.42291,_T,_Z,0
,WB_MPM_HEADCOUNT,,A,_Z,PT,2013,A,602,LVA,,PU,_Z,,,False,,_T,WB_MPM,_T,1.88788,_T,_Z,0
,WB_MPM_HEADCOUNT,,A,_Z,PT,2014,A,602,LVA,,PU,_Z,,,False,,_T,WB_MPM,_T,1.05777,_T,_Z,0
,WB_MPM_HEADCOUNT,,A,_Z,PT,2015,A,602,LVA,,PU,_Z,,,False,,_T,WB_MPM,_T,0.937641,_T,_Z,0
,WB_MPM_HEADCOUNT,,A,_Z,PT,2016,A,602,LVA,,PU,_Z,,,False,,_T,WB_MPM,_T,0.840574,_T,_Z,0
,WB_MPM_HEADCOUNT,,A,_Z,PT,2017,A,602,LVA,,PU,_Z,,,False,,_T,WB_MPM,_T,0.926966,_T,_Z,0
,WB_MPM_HEADCOUNT,,A,_Z,PT,2018,A,602,LVA,,PU,_Z,,,False,,_T,WB_MPM,_T,0.58204,_T,_Z,0
,WB_MPM_HEADCOUNT,,A,_Z,PT,2019,A,602,LVA,,PU,_Z,,,False,,_T,WB_MPM,_T,0.344248,_T,_Z,0
,WB_MPM_HEADCOUNT,,A,_Z,PT,2020,A,602,LVA,,PU,_Z,,,False,,_T,WB_MPM,_T,0.592872,_T,_Z,0
,WB_MPM_HEADCOUNT,,A,_Z,PT,2021,A,602,LVA,,PU,_Z,,,True,,_T,WB_MPM,_T,0.525663,_T,_Z,0
,WB_MPM_HEADCOUNT,,A,_Z,PT,2013,A,602,MAR,,PU,_Z,,,True,,_T,WB_MPM,_T,5.8472,_T,_Z,0
,WB_MPM_HEADCOUNT,,A,_Z,PT,2010,A,602,MDA,,PU,_Z,,,False,,_T,WB_MPM,_T,0.869536,_T,_Z,0
,WB_MPM_HEADCOUNT,,A,_Z,PT,2013,A,602,MDA,,PU,_Z,,,False,,_T,WB_MPM,_T,0.0251886,_T,_Z,0
,WB_MPM_HEADCOUNT,,A,_Z,PT,2014,A,602,MDA,,PU,_Z,,,False,,_T,WB_MPM,_T,0.0279213,_T,_Z,0
,WB_MPM_HEADCOUNT,,A,_Z,PT,2015,A,602,MDA,,PU,_Z,,,False,,_T,WB_MPM,_T,0.0361515,_T,_Z,0
,WB_MPM_HEADCOUNT,,A,_Z,PT,2016,A,602,MDA,,PU,_Z,,,False,,_T,WB_MPM,_T,0.141323,_T,_Z,0
,WB_MPM_HEADCOUNT,,A,_Z,PT,2017,A,602,MDA,,PU,_Z,,,False,,_T,WB_MPM,_T,0.270218,_T,_Z,0
,WB_MPM_HEADCOUNT,,A,_Z,PT,2018,A,602,MDA,,PU,_Z,,,False,,_T,WB_MPM,_T,0.240775,_T,_Z,0
,WB_MPM_HEADCOUNT,,A,_Z,PT,2019,A,602,MDA,,PU,_Z,,,False,,_T,WB_MPM,_T,0.795439,_T,_Z,0
,WB_MPM_HEADCOUNT,,A,_Z,PT,2021,A,602,MDA,,PU,_Z,,,True,,_T,WB_MPM,_T,0.239448,_T,_Z,0
,WB_MPM_HEADCOUNT,,A,_Z,PT,2010,A,602,MDG,,PU,_Z,,,False,,_T,WB_MPM,_T,85.205,_T,_Z,0
,WB_MPM_HEADCOUNT,,A,_Z,PT,2012,A,602,MDG,,PU,_Z,,,True,,_T,WB_MPM,_T,84.6716,_T,_Z,0
,WB_MPM_HEADCOUNT,,A,_Z,PT,2016,A,602,MDV,,PU,_Z,,,False,,_T,WB_MPM,_T,0.0351528,_T,_Z,0
,WB_MPM_HEADCOUNT,,A,_Z,PT,2019,A,602,MDV,,PU,_Z,,,True,,_T,WB_MPM,_T,0,_T,_Z,0
,WB_MPM_HEADCOUNT,,A,_Z,PT,2010,A,602,MEX,,PU,_Z,,,False,,_T,WB_MPM,_T,5.73194,_T,_Z,0
,WB_MPM_HEADCOUNT,,A,_Z,PT,2012,A,602,MEX,,PU,_Z,,,False,,_T,WB_MPM,_T,5.27258,_T,_Z,0
,WB_MPM_HEADCOUNT,,A,_Z,PT,2014,A,602,MEX,,PU,_Z,,,False,,_T,WB_MPM,_T,4.57002,_T,_Z,0
,WB_MPM_HEADCOUNT,,A,_Z,PT,2016,A,602,MEX,,PU,_Z,,,False,,_T,WB_MPM,_T,2.93653,_T,_Z,0
,WB_MPM_HEADCOUNT,,A,_Z,PT,2018,A,602,MEX,,PU,_Z,,,False,,_T,WB_MPM,_T,2.45479,_T,_Z,0
,WB_MPM_HEADCOUNT,,A,_Z,PT,2020,A,602,MEX,,PU,_Z,,,False,,_T,WB_MPM,_T,2.5811,_T,_Z,0
,WB_MPM_HEADCOUNT,,A,_Z,PT,2022,A,602,MEX,,PU,_Z,,,True,,_T,WB_MPM,_T,1.74032,_T,_Z,0
,WB_MPM_HEADCOUNT,,A,_Z,PT,2019,A,602,MHL,,PU,_Z,,,True,,_T,WB_MPM,_T,1.0064,_T,_Z,0
,WB_MPM_HEADCOUNT,,A,_Z,PT,2010,A,602,MKD,,PU,_Z,,,False,,_T,WB_MPM,_T,11.0494,_T,_Z,0
,WB_MPM_HEADCOUNT,,A,_Z,PT,2011,A,602,MKD,,PU,_Z,,,False,,_T,WB_MPM,_T,9.5992,_T,_Z,0
,WB_MPM_HEADCOUNT,,A,_Z,PT,2012,A,602,MKD,,PU,_Z,,,False,,_T,WB_MPM,_T,7.38225,_T,_Z,0
,WB_MPM_HEADCOUNT,,A,_Z,PT,2013,A,602,MKD,,PU,_Z,,,False,,_T,WB_MPM,_T,5.59074,_T,_Z,0
,WB_MPM_HEADCOUNT,,A,_Z,PT,2014,A,602,MKD,,PU,_Z,,,False,,_T,WB_MPM,_T,4.80837,_T,_Z,0
,WB_MPM_HEADCOUNT,,A,_Z,PT,2015,A,602,MKD,,PU,_Z,,,False,,_T,WB_MPM,_T,5.91568,_T,_Z,0
,WB_MPM_HEADCOUNT,,A,_Z,PT,2016,A,602,MKD,,PU,_Z,,,False,,_T,WB_MPM,_T,4.55004,_T,_Z,0
,WB_MPM_HEADCOUNT,,A,_Z,PT,2017,A,602,MKD,,PU,_Z,,,False,,_T,WB_MPM,_T,4.76,_T,_Z,0
,WB_MPM_HEADCOUNT,,A,_Z,PT,2018,A,602,MKD,,PU,_Z,,,False,,_T,WB_MPM,_T,3.71668,_T,_Z,0
,WB_MPM_HEADCOUNT,,A,_Z,PT,2019,A,602,MKD,,PU,_Z,,,True,,_T,WB_MPM,_T,3.06021,_T,_Z,0
,WB_MPM_HEADCOUNT,,A,_Z,PT,2018,A,602,MLI,,PU,_Z,,,False,,_T,WB_MPM,_T,43.7716,_T,_Z,0
,WB_MPM_HEADCOUNT,,A,_Z,PT,2021,A,602,MLI,,PU,_Z,,,True,,_T,WB_MPM,_T,51.3071,_T,_Z,0
,WB_MPM_HEADCOUNT,,A,_Z,PT,2009,A,602,MLT,,PU,_Z,,,False,,_T,WB_MPM,_T,0.99555,_T,_Z,0
,WB_MPM_HEADCOUNT,,A,_Z,PT,2010,A,602,MLT,,PU,_Z,,,False,,_T,WB_MPM,_T,0.753145,_T,_Z,0
,WB_MPM_HEADCOUNT,,A,_Z,PT,2011,A,602,MLT,,PU,_Z,,,False,,_T,WB_MPM,_T,0.75155,_T,_Z,0
,WB_MPM_HEADCOUNT,,A,_Z,PT,2012,A,602,MLT,,PU,_Z,,,False,,_T,WB_MPM,_T,0.638927,_T,_Z,0
,WB_MPM_HEADCOUNT,,A,_Z,PT,2013,A,602,MLT,,PU,_Z,,,False,,_T,WB_MPM,_T,0.554141,_T,_Z,0
,WB_MPM_HEADCOUNT,,A,_Z,PT,2014,A,602,MLT,,PU,_Z,,,False,,_T,WB_MPM,_T,0.561969,_T,_Z,0
,WB_MPM_HEADCOUNT,,A,_Z,PT,2015,A,602,MLT,,PU,_Z,,,False,,_T,WB_MPM,_T,0.553214,_T,_Z,0
,WB_MPM_HEADCOUNT,,A,_Z,PT,2016,A,602,MLT,,PU,_Z,,,False,,_T,WB_MPM,_T,0.470269,_T,_Z,0
,WB_MPM_HEADCOUNT,,A,_Z,PT,2017,A,602,MLT,,PU,_Z,,,False,,_T,WB_MPM,_T,0.399247,_T,_Z,0
,WB_MPM_HEADCOUNT,,A,_Z,PT,2018,A,602,MLT,,PU,_Z,,,False,,_T,WB_MPM,_T,0.222669,_T,_Z,0
,WB_MPM_HEADCOUNT,,A,_Z,PT,2019,A,602,MLT,,PU,_Z,,,False,,_T,WB_MPM,_T,0.378111,_T,_Z,0
,WB_MPM_HEADCOUNT,,A,_Z,PT,2020,A,602,MLT,,PU,_Z,,,True,,_T,WB_MPM,_T,0.301632,_T,_Z,0
,WB_MPM_HEADCOUNT,,A,_Z,PT,2015,A,602,MMR,,PU,_Z,,,False,,_T,WB_MPM,_T,19.5648,_T,_Z,0
,WB_MPM_HEADCOUNT,,A,_Z,PT,2017,A,602,MMR,,PU,_Z,,,True,,_T,WB_MPM,_T,9.71669,_T,_Z,0
,WB_MPM_HEADCOUNT,,A,_Z,PT,2011,A,602,MNE,,PU,_Z,,,False,,_T,WB_MPM,_T,3.16023,_T,_Z,0
,WB_MPM_HEADCOUNT,,A,_Z,PT,2013,A,602,MNE,,PU,_Z,,,False,,_T,WB_MPM,_T,9.48438,_T,_Z,0
,WB_MPM_HEADCOUNT,,A,_Z,PT,2014,A,602,MNE,,PU,_Z,,,True,,_T,WB_MPM,_T,1.23569,_T,_Z,0
,WB_MPM_HEADCOUNT,,A,_Z,PT,2010,A,602,MNG,,PU,_Z,,,False,,_T,WB_MPM,_T,4.0405,_T,_Z,0
,WB_MPM_HEADCOUNT,,A,_Z,PT,2011,A,602,MNG,,PU,_Z,,,False,,_T,WB_MPM,_T,1.72148,_T,_Z,0
,WB_MPM_HEADCOUNT,,A,_Z,PT,2012,A,602,MNG,,PU,_Z,,,False,,_T,WB_MPM,_T,2.05485,_T,_Z,0
,WB_MPM_HEADCOUNT,,A,_Z,PT,2014,A,602,MNG,,PU,_Z,,,False,,_T,WB_MPM,_T,1.52366,_T,_Z,0
,WB_MPM_HEADCOUNT,,A,_Z,PT,2016,A,602,MNG,,PU,_Z,,,False,,_T,WB_MPM,_T,1.44262,_T,_Z,0
,WB_MPM_HEADCOUNT,,A,_Z,PT,2018,A,602,MNG,,PU,_Z,,,False,,_T,WB_MPM,_T,1.35549,_T,_Z,0
,WB_MPM_HEADCOUNT,,A,_Z,PT,2022,A,602,MNG,,PU,_Z,,,True,,_T,WB_MPM,_T,1.12334,_T,_Z,0
,WB_MPM_HEADCOUNT,,A,_Z,PT,2014,A,602,MOZ,,PU,_Z,,,True,,_T,WB_MPM,_T,73.7036,_T,_Z,0
,WB_MPM_HEADCOUNT,,A,_Z,PT,2014,A,602,MRT,,PU,_Z,,,False,,_T,WB_MPM,_T,45.6553,_T,_Z,0
,WB_MPM_HEADCOUNT,,A,_Z,PT,2019,A,602,MRT,,PU,_Z,,,True,,_T,WB_MPM,_T,42.3595,_T,_Z,0
,WB_MPM_HEADCOUNT,,A,_Z,PT,2017,A,602,MUS,,PU,_Z,,,True,,_T,WB_MPM,_T,0.354738,_T,_Z,0
,WB_MPM_HEADCOUNT,,A,_Z,PT,2010,A,602,MWI,,PU,_Z,,,False,,_T,WB_MPM,_T,72.8477,_T,_Z,0
,WB_MPM_HEADCOUNT,,A,_Z,PT,2016,A,602,MWI,,PU,_Z,,,False,,_T,WB_MPM,_T,72.8141,_T,_Z,0
,WB_MPM_HEADCOUNT,,A,_Z,PT,2019,A,602,MWI,,PU,_Z,,,True,,_T,WB_MPM,_T,78.252,_T,_Z,0
,WB_MPM_HEADCOUNT,,A,_Z,PT,2015,A,602,NAM,,PU,_Z,,,True,,_T,WB_MPM,_T,27.5482,_T,_Z,0
,WB_MPM_HEADCOUNT,,A,_Z,PT,2014,A,602,NER,,PU,_Z,,,False,,_T,WB_MPM,_T,80.9055,_T,_Z,0
,WB_MPM_HEADCOUNT,,A,_Z,PT,2018,A,602,MYS,,PU,_Z,,,True,,_T,WB_MPM,_T,0.0757116,_T,_Z,0
,WB_MPM_HEADCOUNT,,A,_Z,PT,2018,A,602,NER,,PU,_Z,,,False,,_T,WB_MPM,_T,79.9275,_T,_Z,0
,WB_MPM_HEADCOUNT,,A,_Z,PT,2021,A,602,NER,,PU,_Z,,,True,,_T,WB_MPM,_T,77.9709,_T,_Z,0
,WB_MPM_HEADCOUNT,,A,_Z,PT,2014,A,602,NIC,,PU,_Z,,,True,,_T,WB_MPM,_T,15.5904,_T,_Z,0
,WB_MPM_HEADCOUNT,,A,_Z,PT,2009,A,602,NLD,,PU,_Z,,,False,,_T,WB_MPM,_T,0.573996,_T,_Z,0
,WB_MPM_HEADCOUNT,,A,_Z,PT,2010,A,602,NLD,,PU,_Z,,,False,,_T,WB_MPM,_T,0.571976,_T,_Z,0
,WB_MPM_HEADCOUNT,,A,_Z,PT,2011,A,602,NLD,,PU,_Z,,,False,,_T,WB_MPM,_T,0.601946,_T,_Z,0
,WB_MPM_HEADCOUNT,,A,_Z,PT,2012,A,602,NLD,,PU,_Z,,,False,,_T,WB_MPM,_T,0.524771,_T,_Z,0
,WB_MPM_HEADCOUNT,,A,_Z,PT,2013,A,602,NLD,,PU,_Z,,,False,,_T,WB_MPM,_T,0.662189,_T,_Z,0
,WB_MPM_HEADCOUNT,,A,_Z,PT,2014,A,602,NLD,,PU,_Z,,,False,,_T,WB_MPM,_T,0.553415,_T,_Z,0
,WB_MPM_HEADCOUNT,,A,_Z,PT,2015,A,602,NLD,,PU,_Z,,,False,,_T,WB_MPM,_T,1.2479,_T,_Z,0
,WB_MPM_HEADCOUNT,,A,_Z,PT,2016,A,602,NLD,,PU,_Z,,,False,,_T,WB_MPM,_T,1.23392,_T,_Z,0
,WB_MPM_HEADCOUNT,,A,_Z,PT,2017,A,602,NLD,,PU,_Z,,,False,,_T,WB_MPM,_T,1.26776,_T,_Z,0
,WB_MPM_HEADCOUNT,,A,_Z,PT,2018,A,602,NGA,,PU,_Z,,,True,,_T,WB_MPM,_T,39.6984,_T,_Z,0
,WB_MPM_HEADCOUNT,,A,_Z,PT,2018,A,602,NLD,,PU,_Z,,,False,,_T,WB_MPM,_T,1.32337,_T,_Z,0
,WB_MPM_HEADCOUNT,,A,_Z,PT,2019,A,602,NLD,,PU,_Z,,,False,,_T,WB_MPM,_T,1.65866,_T,_Z,0
,WB_MPM_HEADCOUNT,,A,_Z,PT,2020,A,602,NLD,,PU,_Z,,,False,,_T,WB_MPM,_T,1.67946,_T,_Z,0
,WB_MPM_HEADCOUNT,,A,_Z,PT,2009,A,602,NOR,,PU,_Z,,,False,,_T,WB_MPM,_T,1.36801,_T,_Z,0
,WB_MPM_HEADCOUNT,,A,_Z,PT,2010,A,602,NOR,,PU,_Z,,,False,,_T,WB_MPM,_T,0.770979,_T,_Z,0
,WB_MPM_HEADCOUNT,,A,_Z,PT,2011,A,602,NOR,,PU,_Z,,,False,,_T,WB_MPM,_T,0.702931,_T,_Z,0
,WB_MPM_HEADCOUNT,,A,_Z,PT,2012,A,602,NOR,,PU,_Z,,,False,,_T,WB_MPM,_T,0.844641,_T,_Z,0
,WB_MPM_HEADCOUNT,,A,_Z,PT,2013,A,602,NOR,,PU,_Z,,,False,,_T,WB_MPM,_T,0.893435,_T,_Z,0
,WB_MPM_HEADCOUNT,,A,_Z,PT,2014,A,602,NOR,,PU,_Z,,,False,,_T,WB_MPM,_T,1.26844,_T,_Z,0
,WB_MPM_HEADCOUNT,,A,_Z,PT,2015,A,602,NOR,,PU,_Z,,,False,,_T,WB_MPM,_T,1.5624,_T,_Z,0
,WB_MPM_HEADCOUNT,,A,_Z,PT,2016,A,602,NOR,,PU,_Z,,,False,,_T,WB_MPM,_T,2.0681,_T,_Z,0
,WB_MPM_HEADCOUNT,,A,_Z,PT,2017,A,602,NOR,,PU,_Z,,,False,,_T,WB_MPM,_T,2.32861,_T,_Z,0
,WB_MPM_HEADCOUNT,,A,_Z,PT,2021,A,602,NLD,,PU,_Z,,,True,,_T,WB_MPM,_T,1.61526,_T,_Z,0
,WB_MPM_HEADCOUNT,,A,_Z,PT,2018,A,602,NOR,,PU,_Z,,,False,,_T,WB_MPM,_T,2.34712,_T,_Z,0
,WB_MPM_HEADCOUNT,,A,_Z,PT,2010,A,602,NPL,,PU,_Z,,,False,,_T,WB_MPM,_T,26.5247,_T,_Z,0
,WB_MPM_HEADCOUNT,,A,_Z,PT,2019,A,602,NOR,,PU,_Z,,,True,,_T,WB_MPM,_T,1.80251,_T,_Z,0
,WB_MPM_HEADCOUNT,,A,_Z,PT,2012,A,602,NRU,,PU,_Z,,,True,,_T,WB_MPM,_T,2.02052,_T,_Z,0
,WB_MPM_HEADCOUNT,,A,_Z,PT,2010,A,602,PAK,,PU,_Z,,,False,,_T,WB_MPM,_T,23.3523,_T,_Z,0
,WB_MPM_HEADCOUNT,,A,_Z,PT,2011,A,602,PAK,,PU,_Z,,,False,,_T,WB_MPM,_T,21.1202,_T,_Z,0
,WB_MPM_HEADCOUNT,,A,_Z,PT,2013,A,602,PAK,,PU,_Z,,,False,,_T,WB_MPM,_T,20.5119,_T,_Z,0
,WB_MPM_HEADCOUNT,,A,_Z,PT,2015,A,602,PAK,,PU,_Z,,,False,,_T,WB_MPM,_T,18.5199,_T,_Z,0
,WB_MPM_HEADCOUNT,,A,_Z,PT,2022,A,602,NPL,,PU,_Z,,,True,,_T,WB_MPM,_T,2.17114,_T,_Z,0
,WB_MPM_HEADCOUNT,,A,_Z,PT,2018,A,602,PAK,,PU,_Z,,,True,,_T,WB_MPM,_T,16.668,_T,_Z,0
,WB_MPM_HEADCOUNT,,A,_Z,PT,2010,A,602,PER,,PU,_Z,,,False,,_T,WB_MPM,_T,10.4323,_T,_Z,0
,WB_MPM_HEADCOUNT,,A,_Z,PT,2011,A,602,PER,,PU,_Z,,,False,,_T,WB_MPM,_T,9.87124,_T,_Z,0
,WB_MPM_HEADCOUNT,,A,_Z,PT,2012,A,602,PER,,PU,_Z,,,False,,_T,WB_MPM,_T,9.2245,_T,_Z,0
,WB_MPM_HEADCOUNT,,A,_Z,PT,2013,A,602,PER,,PU,_Z,,,False,,_T,WB_MPM,_T,8.08221,_T,_Z,0
,WB_MPM_HEADCOUNT,,A,_Z,PT,2014,A,602,PER,,PU,_Z,,,False,,_T,WB_MPM,_T,7.1958,_T,_Z,0
,WB_MPM_HEADCOUNT,,A,_Z,PT,2015,A,602,PER,,PU,_Z,,,False,,_T,WB_MPM,_T,6.80991,_T,_Z,0
,WB_MPM_HEADCOUNT,,A,_Z,PT,2016,A,602,PER,,PU,_Z,,,False,,_T,WB_MPM,_T,6.56025,_T,_Z,0
,WB_MPM_HEADCOUNT,,A,_Z,PT,2017,A,602,PER,,PU,_Z,,,False,,_T,WB_MPM,_T,6.34518,_T,_Z,0
,WB_MPM_HEADCOUNT,,A,_Z,PT,2021,A,602,PAN,,PU,_Z,,,True,,_T,WB_MPM,_T,2.44559,_T,_Z,0
,WB_MPM_HEADCOUNT,,A,_Z,PT,2018,A,602,PER,,PU,_Z,,,False,,_T,WB_MPM,_T,5.12128,_T,_Z,0
,WB_MPM_HEADCOUNT,,A,_Z,PT,2019,A,602,PER,,PU,_Z,,,False,,_T,WB_MPM,_T,4.55145,_T,_Z,0
,WB_MPM_HEADCOUNT,,A,_Z,PT,2020,A,602,PER,,PU,_Z,,,False,,_T,WB_MPM,_T,6.98518,_T,_Z,0
,WB_MPM_HEADCOUNT,,A,_Z,PT,2021,A,602,PER,,PU,_Z,,,False,,_T,WB_MPM,_T,4.12015,_T,_Z,0
,WB_MPM_HEADCOUNT,,A,_Z,PT,2012,A,602,PHL,,PU,_Z,,,False,,_T,WB_MPM,_T,13.5686,_T,_Z,0
,WB_MPM_HEADCOUNT,,A,_Z,PT,2015,A,602,PHL,,PU,_Z,,,False,,_T,WB_MPM,_T,8.62019,_T,_Z,0
,WB_MPM_HEADCOUNT,,A,_Z,PT,2022,A,602,PER,,PU,_Z,,,True,,_T,WB_MPM,_T,3.99544,_T,_Z,0
,WB_MPM_HEADCOUNT,,A,_Z,PT,2018,A,602,PHL,,PU,_Z,,,False,,_T,WB_MPM,_T,4.42937,_T,_Z,0
,WB_MPM_HEADCOUNT,,A,_Z,PT,2010,A,602,POL,,PU,_Z,,,False,,_T,WB_MPM,_T,0.031562,_T,_Z,0
,WB_MPM_HEADCOUNT,,A,_Z,PT,2011,A,602,POL,,PU,_Z,,,False,,_T,WB_MPM,_T,0.0289709,_T,_Z,0
,WB_MPM_HEADCOUNT,,A,_Z,PT,2012,A,602,POL,,PU,_Z,,,False,,_T,WB_MPM,_T,0.0219689,_T,_Z,0
,WB_MPM_HEADCOUNT,,A,_Z,PT,2013,A,602,POL,,PU,_Z,,,False,,_T,WB_MPM,_T,0.0133302,_T,_Z,0
,WB_MPM_HEADCOUNT,,A,_Z,PT,2014,A,602,POL,,PU,_Z,,,False,,_T,WB_MPM,_T,0.0505683,_T,_Z,0
,WB_MPM_HEADCOUNT,,A,_Z,PT,2015,A,602,POL,,PU,_Z,,,False,,_T,WB_MPM,_T,0.0452204,_T,_Z,0
,WB_MPM_HEADCOUNT,,A,_Z,PT,2016,A,602,POL,,PU,_Z,,,False,,_T,WB_MPM,_T,0.0146236,_T,_Z,0
,WB_MPM_HEADCOUNT,,A,_Z,PT,2021,A,602,PHL,,PU,_Z,,,True,,_T,WB_MPM,_T,4.11231,_T,_Z,0
,WB_MPM_HEADCOUNT,,A,_Z,PT,2009,A,602,PRT,,PU,_Z,,,False,,_T,WB_MPM,_T,3.9845,_T,_Z,0
,WB_MPM_HEADCOUNT,,A,_Z,PT,2010,A,602,PRT,,PU,_Z,,,False,,_T,WB_MPM,_T,4.06711,_T,_Z,0
,WB_MPM_HEADCOUNT,,A,_Z,PT,2011,A,602,PRT,,PU,_Z,,,False,,_T,WB_MPM,_T,4.72106,_T,_Z,0
,WB_MPM_HEADCOUNT,,A,_Z,PT,2012,A,602,PRT,,PU,_Z,,,False,,_T,WB_MPM,_T,4.31585,_T,_Z,0
,WB_MPM_HEADCOUNT,,A,_Z,PT,2013,A,602,PRT,,PU,_Z,,,False,,_T,WB_MPM,_T,4.42505,_T,_Z,0
,WB_MPM_HEADCOUNT,,A,_Z,PT,2014,A,602,PRT,,PU,_Z,,,False,,_T,WB_MPM,_T,3.82731,_T,_Z,0
,WB_MPM_HEADCOUNT,,A,_Z,PT,2015,A,602,PRT,,PU,_Z,,,False,,_T,WB_MPM,_T,3.20695,_T,_Z,0
,WB_MPM_HEADCOUNT,,A,_Z,PT,2016,A,602,PRT,,PU,_Z,,,False,,_T,WB_MPM,_T,2.96562,_T,_Z,0
,WB_MPM_HEADCOUNT,,A,_Z,PT,2017,A,602,PRT,,PU,_Z,,,False,,_T,WB_MPM,_T,2.85156,_T,_Z,0
,WB_MPM_HEADCOUNT,,A,_Z,PT,2019,A,602,POL,,PU,_Z,,,True,,_T,WB_MPM,_T,0,_T,_Z,0
,WB_MPM_HEADCOUNT,,A,_Z,PT,2018,A,602,PRT,,PU,_Z,,,False,,_T,WB_MPM,_T,2.55539,_T,_Z,0
,WB_MPM_HEADCOUNT,,A,_Z,PT,2019,A,602,PRT,,PU,_Z,,,False,,_T,WB_MPM,_T,1.67351,_T,_Z,0
,WB_MPM_HEADCOUNT,,A,_Z,PT,2020,A,602,PRT,,PU,_Z,,,False,,_T,WB_MPM,_T,1.81365,_T,_Z,0
,WB_MPM_HEADCOUNT,,A,_Z,PT,2010,A,602,PRY,,PU,_Z,,,False,,_T,WB_MPM,_T,8.64722,_T,_Z,0
,WB_MPM_HEADCOUNT,,A,_Z,PT,2011,A,602,PRY,,PU,_Z,,,False,,_T,WB_MPM,_T,5.97659,_T,_Z,0
,WB_MPM_HEADCOUNT,,A,_Z,PT,2012,A,602,PRY,,PU,_Z,,,False,,_T,WB_MPM,_T,5.04607,_T,_Z,0
,WB_MPM_HEADCOUNT,,A,_Z,PT,2013,A,602,PRY,,PU,_Z,,,False,,_T,WB_MPM,_T,3.07396,_T,_Z,0
,WB_MPM_HEADCOUNT,,A,_Z,PT,2014,A,602,PRY,,PU,_Z,,,False,,_T,WB_MPM,_T,3.90052,_T,_Z,0
,WB_MPM_HEADCOUNT,,A,_Z,PT,2015,A,602,PRY,,PU,_Z,,,False,,_T,WB_MPM,_T,2.90378,_T,_Z,0
,WB_MPM_HEADCOUNT,,A,_Z,PT,2016,A,602,PRY,,PU,_Z,,,False,,_T,WB_MPM,_T,2.77548,_T,_Z,0
,WB_MPM_HEADCOUNT,,A,_Z,PT,2017,A,602,PRY,,PU,_Z,,,False,,_T,WB_MPM,_T,1.79509,_T,_Z,0
,WB_MPM_HEADCOUNT,,A,_Z,PT,2021,A,602,PRT,,PU,_Z,,,True,,_T,WB_MPM,_T,1.56362,_T,_Z,0
,WB_MPM_HEADCOUNT,,A,_Z,PT,2018,A,602,PRY,,PU,_Z,,,False,,_T,WB_MPM,_T,2.60835,_T,_Z,0
,WB_MPM_HEADCOUNT,,A,_Z,PT,2019,A,602,PRY,,PU,_Z,,,False,,_T,WB_MPM,_T,1.80418,_T,_Z,0
,WB_MPM_HEADCOUNT,,A,_Z,PT,2020,A,602,PRY,,PU,_Z,,,False,,_T,WB_MPM,_T,1.42141,_T,_Z,0
,WB_MPM_HEADCOUNT,,A,_Z,PT,2021,A,602,PRY,,PU,_Z,,,False,,_T,WB_MPM,_T,1.32132,_T,_Z,0
,WB_MPM_HEADCOUNT,,A,_Z,PT,2010,A,602,PSE,,PU,_Z,,,False,,_T,WB_MPM,_T,0.708145,_T,_Z,0
,WB_MPM_HEADCOUNT,,A,_Z,PT,2011,A,602,PSE,,PU,_Z,,,False,,_T,WB_MPM,_T,0.478381,_T,_Z,0
,WB_MPM_HEADCOUNT,,A,_Z,PT,2016,A,602,PSE,,PU,_Z,,,True,,_T,WB_MPM,_T,0.623325,_T,_Z,0
,WB_MPM_HEADCOUNT,,A,_Z,PT,2010,A,602,ROU,,PU,_Z,,,False,,_T,WB_MPM,_T,0.560314,_T,_Z,0
,WB_MPM_HEADCOUNT,,A,_Z,PT,2011,A,602,ROU,,PU,_Z,,,False,,_T,WB_MPM,_T,1.5032,_T,_Z,0
,WB_MPM_HEADCOUNT,,A,_Z,PT,2012,A,602,ROU,,PU,_Z,,,False,,_T,WB_MPM,_T,1.5152,_T,_Z,0
,WB_MPM_HEADCOUNT,,A,_Z,PT,2013,A,602,ROU,,PU,_Z,,,False,,_T,WB_MPM,_T,0.522384,_T,_Z,0
,WB_MPM_HEADCOUNT,,A,_Z,PT,2016,A,602,ROU,,PU,_Z,,,False,,_T,WB_MPM,_T,0.159965,_T,_Z,0
,WB_MPM_HEADCOUNT,,A,_Z,PT,2022,A,602,PRY,,PU,_Z,,,True,,_T,WB_MPM,_T,1.75979,_T,_Z,0
,WB_MPM_HEADCOUNT,,A,_Z,PT,2018,A,602,ROU,,PU,_Z,,,False,,_T,WB_MPM,_T,0.0578234,_T,_Z,0
,WB_MPM_HEADCOUNT,,A,_Z,PT,2019,A,602,ROU,,PU,_Z,,,False,,_T,WB_MPM,_T,0.0111792,_T,_Z,0
,WB_MPM_HEADCOUNT,,A,_Z,PT,2020,A,602,ROU,,PU,_Z,,,False,,_T,WB_MPM,_T,0.0945008,_T,_Z,0
,WB_MPM_HEADCOUNT,,A,_Z,PT,2010,A,602,RUS,,PU,_Z,,,False,,_T,WB_MPM,_T,0.25734,_T,_Z,0
,WB_MPM_HEADCOUNT,,A,_Z,PT,2012,A,602,RUS,,PU,_Z,,,False,,_T,WB_MPM,_T,0.124738,_T,_Z,0
,WB_MPM_HEADCOUNT,,A,_Z,PT,2013,A,602,RUS,,PU,_Z,,,False,,_T,WB_MPM,_T,0.0257849,_T,_Z,0
,WB_MPM_HEADCOUNT,,A,_Z,PT,2015,A,602,RUS,,PU,_Z,,,False,,_T,WB_MPM,_T,3.4873,_T,_Z,0
,WB_MPM_HEADCOUNT,,A,_Z,PT,2021,A,602,ROU,,PU,_Z,,,True,,_T,WB_MPM,_T,0.0128603,_T,_Z,0
,WB_MPM_HEADCOUNT,,A,_Z,PT,2019,A,602,RUS,,PU,_Z,,,False,,_T,WB_MPM,_T,4.62555,_T,_Z,0
,WB_MPM_HEADCOUNT,,A,_Z,PT,2010,A,602,RWA,,PU,_Z,,,False,,_T,WB_MPM,_T,89.4803,_T,_Z,0
,WB_MPM_HEADCOUNT,,A,_Z,PT,2013,A,602,RWA,,PU,_Z,,,False,,_T,WB_MPM,_T,58.7745,_T,_Z,0
,WB_MPM_HEADCOUNT,,A,_Z,PT,2016,A,602,RWA,,PU,_Z,,,True,,_T,WB_MPM,_T,57.3709,_T,_Z,0
,WB_MPM_HEADCOUNT,,A,_Z,PT,2014,A,602,SDN,,PU,_Z,,,True,,_T,WB_MPM,_T,52.5422,_T,_Z,0
,WB_MPM_HEADCOUNT,,A,_Z,PT,2011,A,602,SEN,,PU,_Z,,,False,,_T,WB_MPM,_T,56.5833,_T,_Z,0
,WB_MPM_HEADCOUNT,,A,_Z,PT,2020,A,602,RUS,,PU,_Z,,,True,,_T,WB_MPM,_T,4.97923,_T,_Z,0
,WB_MPM_HEADCOUNT,,A,_Z,PT,2018,A,602,SEN,,PU,_Z,,,False,,_T,WB_MPM,_T,32.309,_T,_Z,0
,WB_MPM_HEADCOUNT,,A,_Z,PT,2012,A,602,SLB,,PU,_Z,,,True,,_T,WB_MPM,_T,41.8904,_T,_Z,0
,WB_MPM_HEADCOUNT,,A,_Z,PT,2011,A,602,SLE,,PU,_Z,,,False,,_T,WB_MPM,_T,57.6352,_T,_Z,0
,WB_MPM_HEADCOUNT,,A,_Z,PT,2021,A,602,SEN,,PU,_Z,,,True,,_T,WB_MPM,_T,37.1324,_T,_Z,0
,WB_MPM_HEADCOUNT,,A,_Z,PT,2010,A,602,SLV,,PU,_Z,,,False,,_T,WB_MPM,_T,12.9626,_T,_Z,0
,WB_MPM_HEADCOUNT,,A,_Z,PT,2011,A,602,SLV,,PU,_Z,,,False,,_T,WB_MPM,_T,11.2323,_T,_Z,0
,WB_MPM_HEADCOUNT,,A,_Z,PT,2012,A,602,SLV,,PU,_Z,,,False,,_T,WB_MPM,_T,10.0347,_T,_Z,0
,WB_MPM_HEADCOUNT,,A,_Z,PT,2013,A,602,SLV,,PU,_Z,,,False,,_T,WB_MPM,_T,8.42868,_T,_Z,0
,WB_MPM_HEADCOUNT,,A,_Z,PT,2014,A,602,SLV,,PU,_Z,,,False,,_T,WB_MPM,_T,7.95701,_T,_Z,0
,WB_MPM_HEADCOUNT,,A,_Z,PT,2015,A,602,SLV,,PU,_Z,,,False,,_T,WB_MPM,_T,6.72486,_T,_Z,0
,WB_MPM_HEADCOUNT,,A,_Z,PT,2016,A,602,SLV,,PU,_Z,,,False,,_T,WB_MPM,_T,6.63826,_T,_Z,0
,WB_MPM_HEADCOUNT,,A,_Z,PT,2017,A,602,SLV,,PU,_Z,,,False,,_T,WB_MPM,_T,6.11907,_T,_Z,0
,WB_MPM_HEADCOUNT,,A,_Z,PT,2018,A,602,SLE,,PU,_Z,,,True,,_T,WB_MPM,_T,54.0458,_T,_Z,0
,WB_MPM_HEADCOUNT,,A,_Z,PT,2018,A,602,SLV,,PU,_Z,,,False,,_T,WB_MPM,_T,5.06215,_T,_Z,0
,WB_MPM_HEADCOUNT,,A,_Z,PT,2019,A,602,SLV,,PU,_Z,,,False,,_T,WB_MPM,_T,4.39375,_T,_Z,0
,WB_MPM_HEADCOUNT,,A,_Z,PT,2021,A,602,SLV,,PU,_Z,,,False,,_T,WB_MPM,_T,6.25319,_T,_Z,0
,WB_MPM_HEADCOUNT,,A,_Z,PT,2010,A,602,SRB,,PU,_Z,,,False,,_T,WB_MPM,_T,5.78211,_T,_Z,0
,WB_MPM_HEADCOUNT,,A,_Z,PT,2013,A,602,SRB,,PU,_Z,,,False,,_T,WB_MPM,_T,4.38849,_T,_Z,0
,WB_MPM_HEADCOUNT,,A,_Z,PT,2015,A,602,SRB,,PU,_Z,,,False,,_T,WB_MPM,_T,0.269073,_T,_Z,0
,WB_MPM_HEADCOUNT,,A,_Z,PT,2022,A,602,SLV,,PU,_Z,,,True,,_T,WB_MPM,_T,5.54999,_T,_Z,0
,WB_MPM_HEADCOUNT,,A,_Z,PT,2018,A,602,SRB,,PU,_Z,,,False,,_T,WB_MPM,_T,0.134083,_T,_Z,0
,WB_MPM_HEADCOUNT,,A,_Z,PT,2016,A,602,SSD,,PU,_Z,,,True,,_T,WB_MPM,_T,84.8859,_T,_Z,0
,WB_MPM_HEADCOUNT,,A,_Z,PT,2010,A,602,STP,,PU,_Z,,,False,,_T,WB_MPM,_T,44.3661,_T,_Z,0
,WB_MPM_HEADCOUNT,,A,_Z,PT,2017,A,602,STP,,PU,_Z,,,True,,_T,WB_MPM,_T,39.6781,_T,_Z,0
,WB_MPM_HEADCOUNT,,A,_Z,PT,2019,A,602,SRB,,PU,_Z,,,True,,_T,WB_MPM,_T,0.233548,_T,_Z,0
,WB_MPM_HEADCOUNT,,A,_Z,PT,2009,A,602,SVK,,PU,_Z,,,False,,_T,WB_MPM,_T,0.477182,_T,_Z,0
,WB_MPM_HEADCOUNT,,A,_Z,PT,2010,A,602,SVK,,PU,_Z,,,False,,_T,WB_MPM,_T,0.605684,_T,_Z,0
,WB_MPM_HEADCOUNT,,A,_Z,PT,2011,A,602,SVK,,PU,_Z,,,False,,_T,WB_MPM,_T,0.586352,_T,_Z,0
,WB_MPM_HEADCOUNT,,A,_Z,PT,2012,A,602,SVK,,PU,_Z,,,False,,_T,WB_MPM,_T,0.518272,_T,_Z,0
,WB_MPM_HEADCOUNT,,A,_Z,PT,2013,A,602,SVK,,PU,_Z,,,False,,_T,WB_MPM,_T,0.287799,_T,_Z,0
,WB_MPM_HEADCOUNT,,A,_Z,PT,2014,A,602,SVK,,PU,_Z,,,False,,_T,WB_MPM,_T,0.675449,_T,_Z,0
,WB_MPM_HEADCOUNT,,A,_Z,PT,2015,A,602,SVK,,PU,_Z,,,False,,_T,WB_MPM,_T,0.66176,_T,_Z,0
,WB_MPM_HEADCOUNT,,A,_Z,PT,2016,A,602,SVK,,PU,_Z,,,False,,_T,WB_MPM,_T,1.3807,_T,_Z,0
,WB_MPM_HEADCOUNT,,A,_Z,PT,2017,A,602,SVK,,PU,_Z,,,False,,_T,WB_MPM,_T,0.225369,_T,_Z,0
,WB_MPM_HEADCOUNT,,A,_Z,PT,2022,A,602,SUR,,PU,_Z,,,True,,_T,WB_MPM,_T,2.12999,_T,_Z,0
,WB_MPM_HEADCOUNT,,A,_Z,PT,2018,A,602,SVK,,PU,_Z,,,False,,_T,WB_MPM,_T,0.169457,_T,_Z,0
,WB_MPM_HEADCOUNT,,A,_Z,PT,2019,A,602,SVK,,PU,_Z,,,False,,_T,WB_MPM,_T,0.12106,_T,_Z,0
,WB_MPM_HEADCOUNT,,A,_Z,PT,2020,A,602,SVK,,PU,_Z,,,False,,_T,WB_MPM,_T,0.220573,_T,_Z,0
,WB_MPM_HEADCOUNT,,A,_Z,PT,2009,A,602,SVN,,PU,_Z,,,False,,_T,WB_MPM,_T,0.136851,_T,_Z,0
,WB_MPM_HEADCOUNT,,A,_Z,PT,2010,A,602,SVN,,PU,_Z,,,False,,_T,WB_MPM,_T,0.0950281,_T,_Z,0
,WB_MPM_HEADCOUNT,,A,_Z,PT,2011,A,602,SVN,,PU,_Z,,,False,,_T,WB_MPM,_T,0.097148,_T,_Z,0
,WB_MPM_HEADCOUNT,,A,_Z,PT,2012,A,602,SVN,,PU,_Z,,,False,,_T,WB_MPM,_T,0.108,_T,_Z,0
,WB_MPM_HEADCOUNT,,A,_Z,PT,2013,A,602,SVN,,PU,_Z,,,False,,_T,WB_MPM,_T,0.0217569,_T,_Z,0
,WB_MPM_HEADCOUNT,,A,_Z,PT,2014,A,602,SVN,,PU,_Z,,,False,,_T,WB_MPM,_T,0,_T,_Z,0
,WB_MPM_HEADCOUNT,,A,_Z,PT,2015,A,602,SVN,,PU,_Z,,,False,,_T,WB_MPM,_T,0.004853,_T,_Z,0
,WB_MPM_HEADCOUNT,,A,_Z,PT,2016,A,602,SVN,,PU,_Z,,,False,,_T,WB_MPM,_T,0,_T,_Z,0
,WB_MPM_HEADCOUNT,,A,_Z,PT,2017,A,602,SVN,,PU,_Z,,,False,,_T,WB_MPM,_T,0,_T,_Z,0
,WB_MPM_HEADCOUNT,,A,_Z,PT,2021,A,602,SVK,,PU,_Z,,,True,,_T,WB_MPM,_T,0.103827,_T,_Z,0
,WB_MPM_HEADCOUNT,,A,_Z,PT,2018,A,602,SVN,,PU,_Z,,,False,,_T,WB_MPM,_T,0,_T,_Z,0
,WB_MPM_HEADCOUNT,,A,_Z,PT,2019,A,602,SVN,,PU,_Z,,,False,,_T,WB_MPM,_T,0,_T,_Z,0
,WB_MPM_HEADCOUNT,,A,_Z,PT,2020,A,602,SVN,,PU,_Z,,,False,,_T,WB_MPM,_T,0,_T,_Z,0
,WB_MPM_HEADCOUNT,,A,_Z,PT,2009,A,602,SWE,,PU,_Z,,,False,,_T,WB_MPM,_T,1.01471,_T,_Z,0
,WB_MPM_HEADCOUNT,,A,_Z,PT,2010,A,602,SWE,,PU,_Z,,,False,,_T,WB_MPM,_T,0.993136,_T,_Z,0
,WB_MPM_HEADCOUNT,,A,_Z,PT,2011,A,602,SWE,,PU,_Z,,,False,,_T,WB_MPM,_T,1.0106,_T,_Z,0
,WB_MPM_HEADCOUNT,,A,_Z,PT,2012,A,602,SWE,,PU,_Z,,,False,,_T,WB_MPM,_T,1.1399,_T,_Z,0
,WB_MPM_HEADCOUNT,,A,_Z,PT,2013,A,602,SWE,,PU,_Z,,,False,,_T,WB_MPM,_T,1.44791,_T,_Z,0
,WB_MPM_HEADCOUNT,,A,_Z,PT,2014,A,602,SWE,,PU,_Z,,,False,,_T,WB_MPM,_T,1.09618,_T,_Z,0
,WB_MPM_HEADCOUNT,,A,_Z,PT,2015,A,602,SWE,,PU,_Z,,,False,,_T,WB_MPM,_T,1.19233,_T,_Z,0
,WB_MPM_HEADCOUNT,,A,_Z,PT,2016,A,602,SWE,,PU,_Z,,,False,,_T,WB_MPM,_T,1.24888,_T,_Z,0
,WB_MPM_HEADCOUNT,,A,_Z,PT,2017,A,602,SWE,,PU,_Z,,,False,,_T,WB_MPM,_T,1.01745,_T,_Z,0
,WB_MPM_HEADCOUNT,,A,_Z,PT,2021,A,602,SVN,,PU,_Z,,,True,,_T,WB_MPM,_T,0,_T,_Z,0
,WB_MPM_HEADCOUNT,,A,_Z,PT,2018,A,602,SWE,,PU,_Z,,,False,,_T,WB_MPM,_T,1.67392,_T,_Z,0
,WB_MPM_HEADCOUNT,,A,_Z,PT,2019,A,602,SWE,,PU,_Z,,,False,,_T,WB_MPM,_T,2.22393,_T,_Z,0
,WB_MPM_HEADCOUNT,,A,_Z,PT,2020,A,602,SWE,,PU,_Z,,,False,,_T,WB_MPM,_T,2.17046,_T,_Z,0
,WB_MPM_HEADCOUNT,,A,_Z,PT,2016,A,602,SWZ,,PU,_Z,,,True,,_T,WB_MPM,_T,40.8481,_T,_Z,0
,WB_MPM_HEADCOUNT,,A,_Z,PT,2013,A,602,SYC,,PU,_Z,,,False,,_T,WB_MPM,_T,2.05677,_T,_Z,0
,WB_MPM_HEADCOUNT,,A,_Z,PT,2021,A,602,SWE,,PU,_Z,,,True,,_T,WB_MPM,_T,1.49189,_T,_Z,0
,WB_MPM_HEADCOUNT,,A,_Z,PT,2011,A,602,TCD,,PU,_Z,,,False,,_T,WB_MPM,_T,85.6784,_T,_Z,0
,WB_MPM_HEADCOUNT,,A,_Z,PT,2018,A,602,SYC,,PU,_Z,,,True,,_T,WB_MPM,_T,0.881257,_T,_Z,0
,WB_MPM_HEADCOUNT,,A,_Z,PT,2018,A,602,TCD,,PU,_Z,,,False,,_T,WB_MPM,_T,79.2582,_T,_Z,0
,WB_MPM_HEADCOUNT,,A,_Z,PT,2011,A,602,TGO,,PU,_Z,,,False,,_T,WB_MPM,_T,63.34,_T,_Z,0
,WB_MPM_HEADCOUNT,,A,_Z,PT,2015,A,602,TGO,,PU,_Z,,,False,,_T,WB_MPM,_T,66.8356,_T,_Z,0
,WB_MPM_HEADCOUNT,,A,_Z,PT,2022,A,602,TCD,,PU,_Z,,,True,,_T,WB_MPM,_T,80.8962,_T,_Z,0
,WB_MPM_HEADCOUNT,,A,_Z,PT,2018,A,602,TGO,,PU,_Z,,,False,,_T,WB_MPM,_T,46.5347,_T,_Z,0
,WB_MPM_HEADCOUNT,,A,_Z,PT,2012,A,602,THA,,PU,_Z,,,False,,_T,WB_MPM,_T,0.367555,_T,_Z,0
,WB_MPM_HEADCOUNT,,A,_Z,PT,2013,A,602,THA,,PU,_Z,,,False,,_T,WB_MPM,_T,0.297446,_T,_Z,0
,WB_MPM_HEADCOUNT,,A,_Z,PT,2015,A,602,THA,,PU,_Z,,,False,,_T,WB_MPM,_T,0.310814,_T,_Z,0
,WB_MPM_HEADCOUNT,,A,_Z,PT,2016,A,602,THA,,PU,_Z,,,False,,_T,WB_MPM,_T,0.187181,_T,_Z,0
,WB_MPM_HEADCOUNT,,A,_Z,PT,2017,A,602,THA,,PU,_Z,,,False,,_T,WB_MPM,_T,0.143036,_T,_Z,0
,WB_MPM_HEADCOUNT,,A,_Z,PT,2021,A,602,TGO,,PU,_Z,,,True,,_T,WB_MPM,_T,43.9037,_T,_Z,0
,WB_MPM_HEADCOUNT,,A,_Z,PT,2018,A,602,THA,,PU,_Z,,,False,,_T,WB_MPM,_T,0.182975,_T,_Z,0
,WB_MPM_HEADCOUNT,,A,_Z,PT,2019,A,602,THA,,PU,_Z,,,False,,_T,WB_MPM,_T,0.220275,_T,_Z,0
,WB_MPM_HEADCOUNT,,A,_Z,PT,2020,A,602,THA,,PU,_Z,,,False,,_T,WB_MPM,_T,0.161035,_T,_Z,0
,WB_MPM_HEADCOUNT,,A,_Z,PT,2015,A,602,TJK,,PU,_Z,,,True,,_T,WB_MPM,_T,7.02417,_T,_Z,0
,WB_MPM_HEADCOUNT,,A,_Z,PT,2014,A,602,TLS,,PU,_Z,,,True,,_T,WB_MPM,_T,36.6106,_T,_Z,0
,WB_MPM_HEADCOUNT,,A,_Z,PT,2015,A,602,TON,,PU,_Z,,,False,,_T,WB_MPM,_T,1.82862,_T,_Z,0
,WB_MPM_HEADCOUNT,,A,_Z,PT,2021,A,602,THA,,PU,_Z,,,True,,_T,WB_MPM,_T,0.11249,_T,_Z,0
,WB_MPM_HEADCOUNT,,A,_Z,PT,2010,A,602,TUN,,PU,_Z,,,False,,_T,WB_MPM,_T,4.113,_T,_Z,0
,WB_MPM_HEADCOUNT,,A,_Z,PT,2015,A,602,TUN,,PU,_Z,,,False,,_T,WB_MPM,_T,1.51974,_T,_Z,0
,WB_MPM_HEADCOUNT,,A,_Z,PT,2021,A,602,TON,,PU,_Z,,,True,,_T,WB_MPM,_T,0.0192156,_T,_Z,0
,WB_MPM_HEADCOUNT,,A,_Z,PT,2010,A,602,TUR,,PU,_Z,,,False,,_T,WB_MPM,_T,0.782924,_T,_Z,0
,WB_MPM_HEADCOUNT,,A,_Z,PT,2011,A,602,TUR,,PU,_Z,,,False,,_T,WB_MPM,_T,0.539799,_T,_Z,0
,WB_MPM_HEADCOUNT,,A,_Z,PT,2012,A,602,TUR,,PU,_Z,,,False,,_T,WB_MPM,_T,0.641291,_T,_Z,0
,WB_MPM_HEADCOUNT,,A,_Z,PT,2013,A,602,TUR,,PU,_Z,,,False,,_T,WB_MPM,_T,0.581366,_T,_Z,0
,WB_MPM_HEADCOUNT,,A,_Z,PT,2014,A,602,TUR,,PU,_Z,,,False,,_T,WB_MPM,_T,0.589999,_T,_Z,0
,WB_MPM_HEADCOUNT,,A,_Z,PT,2015,A,602,TUR,,PU,_Z,,,False,,_T,WB_MPM,_T,0.670333,_T,_Z,0
,WB_MPM_HEADCOUNT,,A,_Z,PT,2016,A,602,TUR,,PU,_Z,,,False,,_T,WB_MPM,_T,0.587499,_T,_Z,0
,WB_MPM_HEADCOUNT,,A,_Z,PT,2017,A,602,TUR,,PU,_Z,,,False,,_T,WB_MPM,_T,0.561114,_T,_Z,0
,WB_MPM_HEADCOUNT,,A,_Z,PT,2021,A,602,TUN,,PU,_Z,,,True,,_T,WB_MPM,_T,0.411305,_T,_Z,0
,WB_MPM_HEADCOUNT,,A,_Z,PT,2018,A,602,TUR,,PU,_Z,,,False,,_T,WB_MPM,_T,0.425158,_T,_Z,0
,WB_MPM_HEADCOUNT,,A,_Z,PT,2019,A,602,TUR,,PU,_Z,,,False,,_T,WB_MPM,_T,0.537867,_T,_Z,0
,WB_MPM_HEADCOUNT,,A,_Z,PT,2010,A,602,TUV,,PU,_Z,,,True,,_T,WB_MPM,_T,4.3096,_T,_Z,0
,WB_MPM_HEADCOUNT,,A,_Z,PT,2010,A,602,TWN,,PU,_Z,,,False,,_T,WB_MPM,_T,0.10469,_T,_Z,0
,WB_MPM_HEADCOUNT,,A,_Z,PT,2013,A,602,TWN,,PU,_Z,,,False,,_T,WB_MPM,_T,0.11127,_T,_Z,0
,WB_MPM_HEADCOUNT,,A,_Z,PT,2016,A,602,TWN,,PU,_Z,,,False,,_T,WB_MPM,_T,0.05323,_T,_Z,0
,WB_MPM_HEADCOUNT,,A,_Z,PT,2017,A,602,TWN,,PU,_Z,,,False,,_T,WB_MPM,_T,0.02504,_T,_Z,0
,WB_MPM_HEADCOUNT,,A,_Z,PT,2020,A,602,TUR,,PU,_Z,,,False,,_T,WB_MPM,_T,0.52242,_T,_Z,0
,WB_MPM_HEADCOUNT,,A,_Z,PT,2021,A,602,TUR,,PU,_Z,,,True,,_T,WB_MPM,_T,0.473082,_T,_Z,0
,WB_MPM_HEADCOUNT,,A,_Z,PT,2018,A,602,TWN,,PU,_Z,,,False,,_T,WB_MPM,_T,0.04818,_T,_Z,0
,WB_MPM_HEADCOUNT,,A,_Z,PT,2019,A,602,TWN,,PU,_Z,,,False,,_T,WB_MPM,_T,0.06576,_T,_Z,0
,WB_MPM_HEADCOUNT,,A,_Z,PT,2011,A,602,TZA,,PU,_Z,,,False,,_T,WB_MPM,_T,65.3433,_T,_Z,0
,WB_MPM_HEADCOUNT,,A,_Z,PT,2020,A,602,TWN,,PU,_Z,,,False,,_T,WB_MPM,_T,0.09303,_T,_Z,0
,WB_MPM_HEADCOUNT,,A,_Z,PT,2012,A,602,UGA,,PU,_Z,,,False,,_T,WB_MPM,_T,65.7049,_T,_Z,0
,WB_MPM_HEADCOUNT,,A,_Z,PT,2016,A,602,UGA,,PU,_Z,,,False,,_T,WB_MPM,_T,57.9921,_T,_Z,0
,WB_MPM_HEADCOUNT,,A,_Z,PT,2021,A,602,TWN,,PU,_Z,,,True,,_T,WB_MPM,_T,0.03475,_T,_Z,0
,WB_MPM_HEADCOUNT,,A,_Z,PT,2010,A,602,UKR,,PU,_Z,,,False,,_T,WB_MPM,_T,0.0125368,_T,_Z,0
,WB_MPM_HEADCOUNT,,A,_Z,PT,2012,A,602,UKR,,PU,_Z,,,False,,_T,WB_MPM,_T,0.113847,_T,_Z,0
,WB_MPM_HEADCOUNT,,A,_Z,PT,2013,A,602,UKR,,PU,_Z,,,False,,_T,WB_MPM,_T,0.0044146,_T,_Z,0
,WB_MPM_HEADCOUNT,,A,_Z,PT,2014,A,602,UKR,,PU,_Z,,,False,,_T,WB_MPM,_T,0.105878,_T,_Z,0
,WB_MPM_HEADCOUNT,,A,_Z,PT,2015,A,602,UKR,,PU,_Z,,,False,,_T,WB_MPM,_T,0.56697,_T,_Z,0
,WB_MPM_HEADCOUNT,,A,_Z,PT,2016,A,602,UKR,,PU,_Z,,,False,,_T,WB_MPM,_T,0.258893,_T,_Z,0
,WB_MPM_HEADCOUNT,,A,_Z,PT,2017,A,602,UKR,,PU,_Z,,,False,,_T,WB_MPM,_T,0.500489,_T,_Z,0
,WB_MPM_HEADCOUNT,,A,_Z,PT,2018,A,602,TZA,,PU,_Z,,,True,,_T,WB_MPM,_T,54.5897,_T,_Z,0
,WB_MPM_HEADCOUNT,,A,_Z,PT,2019,A,602,UGA,,PU,_Z,,,True,,_T,WB_MPM,_T,52.1802,_T,_Z,0
,WB_MPM_HEADCOUNT,,A,_Z,PT,2018,A,602,UKR,,PU,_Z,,,False,,_T,WB_MPM,_T,0.809669,_T,_Z,0
,WB_MPM_HEADCOUNT,,A,_Z,PT,2010,A,602,URY,,PU,_Z,,,False,,_T,WB_MPM,_T,0.352667,_T,_Z,0
,WB_MPM_HEADCOUNT,,A,_Z,PT,2011,A,602,URY,,PU,_Z,,,False,,_T,WB_MPM,_T,0.344329,_T,_Z,0
,WB_MPM_HEADCOUNT,,A,_Z,PT,2012,A,602,URY,,PU,_Z,,,False,,_T,WB_MPM,_T,0.280679,_T,_Z,0
,WB_MPM_HEADCOUNT,,A,_Z,PT,2013,A,602,URY,,PU,_Z,,,False,,_T,WB_MPM,_T,0.289424,_T,_Z,0
,WB_MPM_HEADCOUNT,,A,_Z,PT,2014,A,602,URY,,PU,_Z,,,False,,_T,WB_MPM,_T,0.232536,_T,_Z,0
,WB_MPM_HEADCOUNT,,A,_Z,PT,2015,A,602,URY,,PU,_Z,,,False,,_T,WB_MPM,_T,0.217653,_T,_Z,0
,WB_MPM_HEADCOUNT,,A,_Z,PT,2016,A,602,URY,,PU,_Z,,,False,,_T,WB_MPM,_T,0.139486,_T,_Z,0
,WB_MPM_HEADCOUNT,,A,_Z,PT,2017,A,602,URY,,PU,_Z,,,False,,_T,WB_MPM,_T,0.116943,_T,_Z,0
,WB_MPM_HEADCOUNT,,A,_Z,PT,2019,A,602,UKR,,PU,_Z,,,False,,_T,WB_MPM,_T,1.36013,_T,_Z,0
,WB_MPM_HEADCOUNT,,A,_Z,PT,2020,A,602,UKR,,PU,_Z,,,True,,_T,WB_MPM,_T,1.67437,_T,_Z,0
,WB_MPM_HEADCOUNT,,A,_Z,PT,2018,A,602,URY,,PU,_Z,,,False,,_T,WB_MPM,_T,0.0931593,_T,_Z,0
,WB_MPM_HEADCOUNT,,A,_Z,PT,2019,A,602,URY,,PU,_Z,,,False,,_T,WB_MPM,_T,0.119558,_T,_Z,0
,WB_MPM_HEADCOUNT,,A,_Z,PT,2020,A,602,URY,,PU,_Z,,,False,,_T,WB_MPM,_T,1.57945,_T,_Z,0
,WB_MPM_HEADCOUNT,,A,_Z,PT,2010,A,602,USA,,PU,_Z,,,False,,_T,WB_MPM,_T,1.37145,_T,_Z,0
,WB_MPM_HEADCOUNT,,A,_Z,PT,2011,A,602,USA,,PU,_Z,,,False,,_T,WB_MPM,_T,1.25877,_T,_Z,0
,WB_MPM_HEADCOUNT,,A,_Z,PT,2012,A,602,USA,,PU,_Z,,,False,,_T,WB_MPM,_T,1.31793,_T,_Z,0
,WB_MPM_HEADCOUNT,,A,_Z,PT,2013,A,602,USA,,PU,_Z,,,False,,_T,WB_MPM,_T,1.26875,_T,_Z,0
,WB_MPM_HEADCOUNT,,A,_Z,PT,2014,A,602,USA,,PU,_Z,,,False,,_T,WB_MPM,_T,1.5158,_T,_Z,0
,WB_MPM_HEADCOUNT,,A,_Z,PT,2015,A,602,USA,,PU,_Z,,,False,,_T,WB_MPM,_T,1.37766,_T,_Z,0
,WB_MPM_HEADCOUNT,,A,_Z,PT,2016,A,602,USA,,PU,_Z,,,False,,_T,WB_MPM,_T,1.30927,_T,_Z,0
,WB_MPM_HEADCOUNT,,A,_Z,PT,2017,A,602,USA,,PU,_Z,,,False,,_T,WB_MPM,_T,1.39805,_T,_Z,0
,WB_MPM_HEADCOUNT,,A,_Z,PT,2021,A,602,URY,,PU,_Z,,,False,,_T,WB_MPM,_T,0.148147,_T,_Z,0
,WB_MPM_HEADCOUNT,,A,_Z,PT,2022,A,602,URY,,PU,_Z,,,True,,_T,WB_MPM,_T,0.161366,_T,_Z,0
,WB_MPM_HEADCOUNT,,A,_Z,PT,2018,A,602,USA,,PU,_Z,,,False,,_T,WB_MPM,_T,1.23344,_T,_Z,0
,WB_MPM_HEADCOUNT,,A,_Z,PT,2019,A,602,USA,,PU,_Z,,,False,,_T,WB_MPM,_T,1.13325,_T,_Z,0
,WB_MPM_HEADCOUNT,,A,_Z,PT,2020,A,602,USA,,PU,_Z,,,False,,_T,WB_MPM,_T,0.49918,_T,_Z,0
,WB_MPM_HEADCOUNT,,A,_Z,PT,2021,A,602,USA,,PU,_Z,,,False,,_T,WB_MPM,_T,0.56553,_T,_Z,0
,WB_MPM_HEADCOUNT,,A,_Z,PT,2010,A,602,VNM,,PU,_Z,,,False,,_T,WB_MPM,_T,5.29542,_T,_Z,0
,WB_MPM_HEADCOUNT,,A,_Z,PT,2012,A,602,VNM,,PU,_Z,,,False,,_T,WB_MPM,_T,3.8797,_T,_Z,0
,WB_MPM_HEADCOUNT,,A,_Z,PT,2014,A,602,VNM,,PU,_Z,,,False,,_T,WB_MPM,_T,3.32674,_T,_Z,0
,WB_MPM_HEADCOUNT,,A,_Z,PT,2016,A,602,VNM,,PU,_Z,,,False,,_T,WB_MPM,_T,2.53193,_T,_Z,0
,WB_MPM_HEADCOUNT,,A,_Z,PT,2022,A,602,USA,,PU,_Z,,,True,,_T,WB_MPM,_T,1.4505,_T,_Z,0
,WB_MPM_HEADCOUNT,,A,_Z,PT,2022,A,602,UZB,,PU,_Z,,,True,,_T,WB_MPM,_T,2.25309,_T,_Z,0
,WB_MPM_HEADCOUNT,,A,_Z,PT,2018,A,602,VNM,,PU,_Z,,,False,,_T,WB_MPM,_T,1.99689,_T,_Z,0
,WB_MPM_HEADCOUNT,,A,_Z,PT,2010,A,602,VUT,,PU,_Z,,,False,,_T,WB_MPM,_T,24.6613,_T,_Z,0
,WB_MPM_HEADCOUNT,,A,_Z,PT,2020,A,602,VNM,,PU,_Z,,,False,,_T,WB_MPM,_T,1.16467,_T,_Z,0
,WB_MPM_HEADCOUNT,,A,_Z,PT,2013,A,602,WSM,,PU,_Z,,,True,,_T,WB_MPM,_T,1.38274,_T,_Z,0
,WB_MPM_HEADCOUNT,,A,_Z,PT,2010,A,602,XKX,,PU,_Z,,,False,,_T,WB_MPM,_T,4.19422,_T,_Z,0
,WB_MPM_HEADCOUNT,,A,_Z,PT,2012,A,602,XKX,,PU,_Z,,,False,,_T,WB_MPM,_T,1.05021,_T,_Z,0
,WB_MPM_HEADCOUNT,,A,_Z,PT,2013,A,602,XKX,,PU,_Z,,,False,,_T,WB_MPM,_T,2.46083,_T,_Z,0
,WB_MPM_HEADCOUNT,,A,_Z,PT,2014,A,602,XKX,,PU,_Z,,,False,,_T,WB_MPM,_T,1.7948,_T,_Z,0
,WB_MPM_HEADCOUNT,,A,_Z,PT,2015,A,602,XKX,,PU,_Z,,,False,,_T,WB_MPM,_T,1.78306,_T,_Z,0
,WB_MPM_HEADCOUNT,,A,_Z,PT,2016,A,602,XKX,,PU,_Z,,,False,,_T,WB_MPM,_T,0.965771,_T,_Z,0
,WB_MPM_HEADCOUNT,,A,_Z,PT,2017,A,602,XKX,,PU,_Z,,,True,,_T,WB_MPM,_T,0.750931,_T,_Z,0
,WB_MPM_HEADCOUNT,,A,_Z,PT,2014,A,602,YEM,,PU,_Z,,,True,,_T,WB_MPM,_T,35.4118,_T,_Z,0
,WB_MPM_HEADCOUNT,,A,_Z,PT,2010,A,602,ZAF,,PU,_Z,,,False,,_T,WB_MPM,_T,20.4277,_T,_Z,0
,WB_MPM_HEADCOUNT,,A,_Z,PT,2014,A,602,ZAF,,PU,_Z,,,True,,_T,WB_MPM,_T,21.7105,_T,_Z,0
,WB_MPM_HEADCOUNT,,A,_Z,PT,2015,A,602,ZMB,,PU,_Z,,,False,,_T,WB_MPM,_T,66.4034,_T,_Z,0
,WB_MPM_HEADCOUNT,,A,_Z,PT,2022,A,602,VNM,,PU,_Z,,,True,,_T,WB_MPM,_T,1.26618,_T,_Z,0
,WB_MPM_HEADCOUNT,,A,_Z,PT,2017,A,602,ZWE,,PU,_Z,,,False,,_T,WB_MPM,_T,39.8979,_T,_Z,0
,WB_MPM_HEADCOUNT,,A,_Z,PT,2019,A,602,VUT,,PU,_Z,,,True,,_T,WB_MPM,_T,19.8922,_T,_Z,0
,WB_MPM_HEADCOUNT,,A,_Z,PT,2014,A,602,COM,,PU,_Z,,,True,,_T,WB_MPM,_T,26.2547,_T,_Z,0
,WB_MPM_HEADCOUNT,,A,_Z,PT,2009,A,602,HRV,,PU,_Z,,,False,,_T,WB_MPM,_T,1.3852,_T,_Z,0
,WB_MPM_HEADCOUNT,,A,_Z,PT,2009,A,602,MKD,,PU,_Z,,,False,,_T,WB_MPM,_T,10.3513,_T,_Z,0
,WB_MPM_HEADCOUNT,,A,_Z,PT,2015,A,602,MYS,,PU,_Z,,,False,,_T,WB_MPM,_T,0.213878,_T,_Z,0
,WB_MPM_HEADCOUNT,,A,_Z,PT,2022,A,602,ZMB,,PU,_Z,,,True,,_T,WB_MPM,_T,65.7983,_T,_Z,0
,WB_MPM_HEADCOUNT,,A,_Z,PT,2019,A,602,ZWE,,PU,_Z,,,True,,_T,WB_MPM,_T,42.3979,_T,_Z,0
,WB_MPM_ELEC,,A,_Z,PT,2018,A,602,AGO,,PU,_Z,,,True,,_T,WB_MPM,_T,52.6395,_T,_Z,0
,WB_MPM_ELEC,,A,_Z,PT,2012,A,602,ALB,,PU,_Z,,,False,,_T,WB_MPM,_T,0.496704,_T,_Z,0
,WB_MPM_ELEC,,A,_Z,PT,2014,A,602,ALB,,PU,_Z,,,False,,_T,WB_MPM,_T,0.0315217,_T,_Z,0
,WB_MPM_ELEC,,A,_Z,PT,2015,A,602,ALB,,PU,_Z,,,False,,_T,WB_MPM,_T,0.0141594,_T,_Z,0
,WB_MPM_ELEC,,A,_Z,PT,2016,A,602,ALB,,PU,_Z,,,False,,_T,WB_MPM,_T,0.431298,_T,_Z,0
,WB_MPM_ELEC,,A,_Z,PT,2017,A,602,ALB,,PU,_Z,,,False,,_T,WB_MPM,_T,0.131322,_T,_Z,0
,WB_MPM_ELEC,,A,_Z,PT,2018,A,602,ALB,,PU,_Z,,,True,,_T,WB_MPM,_T,0.06025,_T,_Z,0
,WB_MPM_ELEC,,A,_Z,PT,2010,A,602,ARG,,PU,_Z,,,False,,_T,WB_MPM,_T,0,_T,_Z,0
,WB_MPM_ELEC,,A,_Z,PT,2011,A,602,ARG,,PU,_Z,,,False,,_T,WB_MPM,_T,0,_T,_Z,0
,WB_MPM_ELEC,,A,_Z,PT,2012,A,602,ARG,,PU,_Z,,,False,,_T,WB_MPM,_T,0,_T,_Z,0
,WB_MPM_ELEC,,A,_Z,PT,2013,A,602,ARG,,PU,_Z,,,False,,_T,WB_MPM,_T,0,_T,_Z,0
,WB_MPM_ELEC,,A,_Z,PT,2014,A,602,ARG,,PU,_Z,,,False,,_T,WB_MPM,_T,0,_T,_Z,0
,WB_MPM_ELEC,,A,_Z,PT,2016,A,602,ARG,,PU,_Z,,,False,,_T,WB_MPM,_T,0,_T,_Z,0
,WB_MPM_ELEC,,A,_Z,PT,2017,A,602,ARG,,PU,_Z,,,False,,_T,WB_MPM,_T,0,_T,_Z,0
,WB_MPM_ELEC,,A,_Z,PT,2018,A,602,ARG,,PU,_Z,,,False,,_T,WB_MPM,_T,0,_T,_Z,0
,WB_MPM_ELEC,,A,_Z,PT,2019,A,602,ARG,,PU,_Z,,,False,,_T,WB_MPM,_T,0,_T,_Z,0
,WB_MPM_ELEC,,A,_Z,PT,2020,A,602,ARG,,PU,_Z,,,False,,_T,WB_MPM,_T,0,_T,_Z,0
,WB_MPM_ELEC,,A,_Z,PT,2021,A,602,ARG,,PU,_Z,,,False,,_T,WB_MPM,_T,0,_T,_Z,0
,WB_MPM_ELEC,,A,_Z,PT,2022,A,602,ARG,,PU,_Z,,,True,,_T,WB_MPM,_T,0,_T,_Z,0
,WB_MPM_ELEC,,A,_Z,PT,2013,A,602,ARM,,PU,_Z,,,False,,_T,WB_MPM,_T,0.502246,_T,_Z,0
,WB_MPM_ELEC,,A,_Z,PT,2014,A,602,ARM,,PU,_Z,,,False,,_T,WB_MPM,_T,0.222711,_T,_Z,0
,WB_MPM_ELEC,,A,_Z,PT,2015,A,602,ARM,,PU,_Z,,,False,,_T,WB_MPM,_T,0.405054,_T,_Z,0
,WB_MPM_ELEC,,A,_Z,PT,2016,A,602,ARM,,PU,_Z,,,False,,_T,WB_MPM,_T,0.096802,_T,_Z,0
,WB_MPM_ELEC,,A,_Z,PT,2017,A,602,ARM,,PU,_Z,,,False,,_T,WB_MPM,_T,0.267918,_T,_Z,0
,WB_MPM_ELEC,,A,_Z,PT,2018,A,602,ARM,,PU,_Z,,,False,,_T,WB_MPM,_T,0.0675915,_T,_Z,0
,WB_MPM_ELEC,,A,_Z,PT,2019,A,602,ARM,,PU,_Z,,,False,,_T,WB_MPM,_T,0,_T,_Z,0
,WB_MPM_ELEC,,A,_Z,PT,2020,A,602,ARM,,PU,_Z,,,False,,_T,WB_MPM,_T,0,_T,_Z,0
,WB_MPM_ELEC,,A,_Z,PT,2021,A,602,ARM,,PU,_Z,,,False,,_T,WB_MPM,_T,0,_T,_Z,0
,WB_MPM_ELEC,,A,_Z,PT,2022,A,602,ARM,,PU,_Z,,,True,,_T,WB_MPM,_T,0,_T,_Z,0
,WB_MPM_ELEC,,A,_Z,PT,2010,A,602,AUS,,PU,_Z,,,False,,_T,WB_MPM,_T,0,_T,_Z,0
,WB_MPM_ELEC,,A,_Z,PT,2014,A,602,AUS,,PU,_Z,,,False,,_T,WB_MPM,_T,0,_T,_Z,0
,WB_MPM_ELEC,,A,_Z,PT,2016,A,602,AUS,,PU,_Z,,,False,,_T,WB_MPM,_T,0,_T,_Z,0
,WB_MPM_ELEC,,A,_Z,PT,2018,A,602,AUS,,PU,_Z,,,True,,_T,WB_MPM,_T,0,_T,_Z,0
,WB_MPM_ELEC,,A,_Z,PT,2009,A,602,AUT,,PU,_Z,,,False,,_T,WB_MPM,_T,0,_T,_Z,0
,WB_MPM_ELEC,,A,_Z,PT,2010,A,602,AUT,,PU,_Z,,,False,,_T,WB_MPM,_T,0,_T,_Z,0
,WB_MPM_ELEC,,A,_Z,PT,2011,A,602,AUT,,PU,_Z,,,False,,_T,WB_MPM,_T,0,_T,_Z,0
,WB_MPM_ELEC,,A,_Z,PT,2012,A,602,AUT,,PU,_Z,,,False,,_T,WB_MPM,_T,0,_T,_Z,0
,WB_MPM_ELEC,,A,_Z,PT,2013,A,602,AUT,,PU,_Z,,,False,,_T,WB_MPM,_T,0,_T,_Z,0
,WB_MPM_ELEC,,A,_Z,PT,2014,A,602,AUT,,PU,_Z,,,False,,_T,WB_MPM,_T,0,_T,_Z,0
,WB_MPM_ELEC,,A,_Z,PT,2015,A,602,AUT,,PU,_Z,,,False,,_T,WB_MPM,_T,0,_T,_Z,0
,WB_MPM_ELEC,,A,_Z,PT,2016,A,602,AUT,,PU,_Z,,,False,,_T,WB_MPM,_T,0,_T,_Z,0
,WB_MPM_ELEC,,A,_Z,PT,2017,A,602,AUT,,PU,_Z,,,False,,_T,WB_MPM,_T,0,_T,_Z,0
,WB_MPM_ELEC,,A,_Z,PT,2018,A,602,AUT,,PU,_Z,,,False,,_T,WB_MPM,_T,0,_T,_Z,0
,WB_MPM_ELEC,,A,_Z,PT,2019,A,602,AUT,,PU,_Z,,,False,,_T,WB_MPM,_T,0,_T,_Z,0
,WB_MPM_ELEC,,A,_Z,PT,2020,A,602,AUT,,PU,_Z,,,False,,_T,WB_MPM,_T,0,_T,_Z,0
,WB_MPM_ELEC,,A,_Z,PT,2021,A,602,AUT,,PU,_Z,,,True,,_T,WB_MPM,_T,0,_T,_Z,0
,WB_MPM_ELEC,,A,_Z,PT,2013,A,602,BDI,,PU,_Z,,,False,,_T,WB_MPM,_T,91.8266,_T,_Z,0
,WB_MPM_ELEC,,A,_Z,PT,2020,A,602,BDI,,PU,_Z,,,True,,_T,WB_MPM,_T,90.5685,_T,_Z,0
,WB_MPM_ELEC,,A,_Z,PT,2009,A,602,BEL,,PU,_Z,,,False,,_T,WB_MPM,_T,0,_T,_Z,0
,WB_MPM_ELEC,,A,_Z,PT,2010,A,602,BEL,,PU,_Z,,,False,,_T,WB_MPM,_T,0,_T,_Z,0
,WB_MPM_ELEC,,A,_Z,PT,2011,A,602,BEL,,PU,_Z,,,False,,_T,WB_MPM,_T,0,_T,_Z,0
,WB_MPM_ELEC,,A,_Z,PT,2012,A,602,BEL,,PU,_Z,,,False,,_T,WB_MPM,_T,0,_T,_Z,0
,WB_MPM_ELEC,,A,_Z,PT,2013,A,602,BEL,,PU,_Z,,,False,,_T,WB_MPM,_T,0,_T,_Z,0
,WB_MPM_ELEC,,A,_Z,PT,2014,A,602,BEL,,PU,_Z,,,False,,_T,WB_MPM,_T,0,_T,_Z,0
,WB_MPM_ELEC,,A,_Z,PT,2015,A,602,BEL,,PU,_Z,,,False,,_T,WB_MPM,_T,0,_T,_Z,0
,WB_MPM_ELEC,,A,_Z,PT,2016,A,602,BEL,,PU,_Z,,,False,,_T,WB_MPM,_T,0,_T,_Z,0
,WB_MPM_ELEC,,A,_Z,PT,2017,A,602,BEL,,PU,_Z,,,False,,_T,WB_MPM,_T,0,_T,_Z,0
,WB_MPM_ELEC,,A,_Z,PT,2018,A,602,BEL,,PU,_Z,,,False,,_T,WB_MPM,_T,0,_T,_Z,0
,WB_MPM_ELEC,,A,_Z,PT,2019,A,602,BEL,,PU,_Z,,,False,,_T,WB_MPM,_T,0,_T,_Z,0
,WB_MPM_ELEC,,A,_Z,PT,2020,A,602,BEL,,PU,_Z,,,False,,_T,WB_MPM,_T,0,_T,_Z,0
,WB_MPM_ELEC,,A,_Z,PT,2021,A,602,BEL,,PU,_Z,,,True,,_T,WB_MPM,_T,0,_T,_Z,0
,WB_MPM_ELEC,,A,_Z,PT,2015,A,602,BEN,,PU,_Z,,,False,,_T,WB_MPM,_T,69.0209,_T,_Z,0
,WB_MPM_ELEC,,A,_Z,PT,2018,A,602,BEN,,PU,_Z,,,False,,_T,WB_MPM,_T,54.2726,_T,_Z,0
,WB_MPM_ELEC,,A,_Z,PT,2021,A,602,BEN,,PU,_Z,,,True,,_T,WB_MPM,_T,34.8183,_T,_Z,0
,WB_MPM_ELEC,,A,_Z,PT,2014,A,602,BFA,,PU,_Z,,,False,,_T,WB_MPM,_T,79.2617,_T,_Z,0
,WB_MPM_ELEC,,A,_Z,PT,2018,A,602,BFA,,PU,_Z,,,False,,_T,WB_MPM,_T,47.1978,_T,_Z,0
,WB_MPM_ELEC,,A,_Z,PT,2021,A,602,BFA,,PU,_Z,,,True,,_T,WB_MPM,_T,35.2582,_T,_Z,0
,WB_MPM_ELEC,,A,_Z,PT,2010,A,602,BGD,,PU,_Z,,,False,,_T,WB_MPM,_T,43.6304,_T,_Z,0
,WB_MPM_ELEC,,A,_Z,PT,2016,A,602,BGD,,PU,_Z,,,False,,_T,WB_MPM,_T,23.6434,_T,_Z,0
,WB_MPM_ELEC,,A,_Z,PT,2022,A,602,BGD,,PU,_Z,,,True,,_T,WB_MPM,_T,2.37433,_T,_Z,0
,WB_MPM_ELEC,,A,_Z,PT,2009,A,602,BGR,,PU,_Z,,,False,,_T,WB_MPM,_T,0,_T,_Z,0
,WB_MPM_ELEC,,A,_Z,PT,2010,A,602,BGR,,PU,_Z,,,False,,_T,WB_MPM,_T,0,_T,_Z,0
,WB_MPM_ELEC,,A,_Z,PT,2011,A,602,BGR,,PU,_Z,,,False,,_T,WB_MPM,_T,0,_T,_Z,0
,WB_MPM_ELEC,,A,_Z,PT,2012,A,602,BGR,,PU,_Z,,,False,,_T,WB_MPM,_T,0,_T,_Z,0
,WB_MPM_ELEC,,A,_Z,PT,2013,A,602,BGR,,PU,_Z,,,False,,_T,WB_MPM,_T,0,_T,_Z,0
,WB_MPM_ELEC,,A,_Z,PT,2014,A,602,BGR,,PU,_Z,,,False,,_T,WB_MPM,_T,0,_T,_Z,0
,WB_MPM_ELEC,,A,_Z,PT,2015,A,602,BGR,,PU,_Z,,,False,,_T,WB_MPM,_T,0,_T,_Z,0
,WB_MPM_ELEC,,A,_Z,PT,2016,A,602,BGR,,PU,_Z,,,False,,_T,WB_MPM,_T,0,_T,_Z,0
,WB_MPM_ELEC,,A,_Z,PT,2017,A,602,BGR,,PU,_Z,,,False,,_T,WB_MPM,_T,0,_T,_Z,0
,WB_MPM_ELEC,,A,_Z,PT,2018,A,602,BGR,,PU,_Z,,,False,,_T,WB_MPM,_T,0,_T,_Z,0
,WB_MPM_ELEC,,A,_Z,PT,2019,A,602,BGR,,PU,_Z,,,False,,_T,WB_MPM,_T,0,_T,_Z,0
,WB_MPM_ELEC,,A,_Z,PT,2020,A,602,BGR,,PU,_Z,,,False,,_T,WB_MPM,_T,0,_T,_Z,0
,WB_MPM_ELEC,,A,_Z,PT,2021,A,602,BGR,,PU,_Z,,,True,,_T,WB_MPM,_T,0,_T,_Z,0
,WB_MPM_ELEC,,A,_Z,PT,2011,A,602,BOL,,PU,_Z,,,False,,_T,WB_MPM,_T,11.5377,_T,_Z,0
,WB_MPM_ELEC,,A,_Z,PT,2012,A,602,BOL,,PU,_Z,,,False,,_T,WB_MPM,_T,8.873,_T,_Z,0
,WB_MPM_ELEC,,A,_Z,PT,2013,A,602,BOL,,PU,_Z,,,False,,_T,WB_MPM,_T,9.54623,_T,_Z,0
